variable_name,lower_bound,upper_bound,IIS_lower_bound,IIS_upper_bound,vtype
y_s67_i0_j2_k0,0.0,1.0,0,0,B
y_s67_i0_j2_k1,0.0,1.0,0,0,B
y_s67_i0_j2_k2,0.0,1.0,0,0,B
y_s67_i1_j22_k0,0.0,1.0,0,0,B
y_s67_i1_j22_k1,0.0,1.0,0,0,B
y_s67_i1_j22_k2,0.0,1.0,0,0,B
y_s67_i2_j1_k0,0.0,1.0,0,0,B
y_s67_i2_j1_k1,0.0,1.0,0,0,B
y_s67_i2_j1_k2,0.0,1.0,0,0,B
y_s67_i3_j9_k0,0.0,1.0,0,0,B
y_s67_i3_j9_k1,0.0,1.0,0,0,B
y_s67_i3_j9_k2,0.0,1.0,0,0,B
y_s67_i4_j34_k0,0.0,1.0,0,0,B
y_s67_i4_j34_k1,0.0,1.0,0,0,B
y_s67_i4_j34_k2,0.0,1.0,0,0,B
y_s67_i5_j0_k0,0.0,1.0,0,0,B
y_s67_i5_j0_k1,0.0,1.0,0,0,B
y_s67_i5_j0_k2,0.0,1.0,0,0,B
y_s67_i6_j52_k0,0.0,1.0,0,0,B
y_s67_i6_j52_k1,0.0,1.0,0,0,B
y_s67_i6_j52_k2,0.0,1.0,0,0,B
y_s67_i7_j3_k0,0.0,1.0,0,0,B
y_s67_i7_j3_k1,0.0,1.0,0,0,B
y_s67_i7_j3_k2,0.0,1.0,0,0,B
y_s67_i8_j10_k0,0.0,1.0,0,0,B
y_s67_i8_j10_k1,0.0,1.0,0,0,B
y_s67_i8_j10_k2,0.0,1.0,0,0,B
y_s67_i9_j6_k0,0.0,1.0,0,0,B
y_s67_i9_j6_k1,0.0,1.0,0,0,B
y_s67_i9_j6_k2,0.0,1.0,0,0,B
y_s67_i10_j5_k0,0.0,1.0,0,0,B
y_s67_i10_j5_k1,0.0,1.0,0,0,B
y_s67_i10_j5_k2,0.0,1.0,0,0,B
y_s67_i11_j8_k0,0.0,1.0,0,0,B
y_s67_i11_j8_k1,0.0,1.0,0,0,B
y_s67_i11_j8_k2,0.0,1.0,0,0,B
y_s67_i12_j11_k0,0.0,1.0,0,0,B
y_s67_i12_j11_k1,0.0,1.0,0,0,B
y_s67_i12_j11_k2,0.0,1.0,0,0,B
y_s67_i13_j14_k0,0.0,1.0,0,0,B
y_s67_i13_j14_k1,0.0,1.0,0,0,B
y_s67_i13_j14_k2,0.0,1.0,0,0,B
y_s67_i14_j12_k0,0.0,1.0,0,0,B
y_s67_i14_j12_k1,0.0,1.0,0,0,B
y_s67_i14_j12_k2,0.0,1.0,0,0,B
y_s67_i15_j13_k0,0.0,1.0,0,0,B
y_s67_i15_j13_k1,0.0,1.0,0,0,B
y_s67_i15_j13_k2,0.0,1.0,0,0,B
y_s67_i16_j17_k0,0.0,1.0,0,0,B
y_s67_i16_j17_k1,0.0,1.0,0,0,B
y_s67_i16_j17_k2,0.0,1.0,0,0,B
y_s67_i17_j38_k0,0.0,1.0,0,0,B
y_s67_i17_j38_k1,0.0,1.0,0,0,B
y_s67_i17_j38_k2,0.0,1.0,0,0,B
y_s67_i18_j20_k0,0.0,1.0,0,0,B
y_s67_i18_j20_k1,0.0,1.0,0,0,B
y_s67_i18_j20_k2,0.0,1.0,0,0,B
y_s67_i19_j45_k0,0.0,1.0,0,0,B
y_s67_i19_j45_k1,0.0,1.0,0,0,B
y_s67_i19_j45_k2,0.0,1.0,0,0,B
y_s67_i20_j16_k0,0.0,1.0,0,0,B
y_s67_i20_j16_k1,0.0,1.0,0,0,B
y_s67_i20_j16_k2,0.0,1.0,0,0,B
y_s67_i21_j24_k0,0.0,1.0,0,0,B
y_s67_i21_j24_k1,0.0,1.0,0,0,B
y_s67_i21_j24_k2,0.0,1.0,0,0,B
y_s67_i22_j21_k0,0.0,1.0,0,0,B
y_s67_i22_j21_k1,0.0,1.0,0,0,B
y_s67_i22_j21_k2,0.0,1.0,0,0,B
y_s67_i23_j46_k0,0.0,1.0,0,0,B
y_s67_i23_j46_k1,0.0,1.0,0,0,B
y_s67_i23_j46_k2,0.0,1.0,0,0,B
y_s67_i24_j23_k0,0.0,1.0,0,0,B
y_s67_i24_j23_k1,0.0,1.0,0,0,B
y_s67_i24_j23_k2,0.0,1.0,0,0,B
y_s67_i25_j31_k0,0.0,1.0,0,0,B
y_s67_i25_j31_k1,0.0,1.0,0,0,B
y_s67_i25_j31_k2,0.0,1.0,0,0,B
y_s67_i26_j27_k0,0.0,1.0,0,0,B
y_s67_i26_j27_k1,0.0,1.0,0,0,B
y_s67_i26_j27_k2,0.0,1.0,0,0,B
y_s67_i27_j28_k0,0.0,1.0,0,0,B
y_s67_i27_j28_k1,0.0,1.0,0,0,B
y_s67_i27_j28_k2,0.0,1.0,0,0,B
y_s67_i28_j25_k0,0.0,1.0,0,0,B
y_s67_i28_j25_k1,0.0,1.0,0,0,B
y_s67_i28_j25_k2,0.0,1.0,0,0,B
y_s67_i29_j7_k0,0.0,1.0,0,0,B
y_s67_i29_j7_k1,0.0,1.0,0,0,B
y_s67_i29_j7_k2,0.0,1.0,0,0,B
y_s67_i30_j29_k0,0.0,1.0,0,0,B
y_s67_i30_j29_k1,0.0,1.0,0,0,B
y_s67_i30_j29_k2,0.0,1.0,0,0,B
y_s67_i31_j30_k0,0.0,1.0,0,0,B
y_s67_i31_j30_k1,0.0,1.0,0,0,B
y_s67_i31_j30_k2,0.0,1.0,0,0,B
y_s67_i32_j40_k0,0.0,1.0,0,0,B
y_s67_i32_j40_k1,0.0,1.0,0,0,B
y_s67_i32_j40_k2,0.0,1.0,0,0,B
y_s67_i33_j35_k0,0.0,1.0,0,0,B
y_s67_i33_j35_k1,0.0,1.0,0,0,B
y_s67_i33_j35_k2,0.0,1.0,0,0,B
y_s67_i34_j33_k0,0.0,1.0,0,0,B
y_s67_i34_j33_k1,0.0,1.0,0,0,B
y_s67_i34_j33_k2,0.0,1.0,0,0,B
y_s67_i35_j32_k0,0.0,1.0,0,0,B
y_s67_i35_j32_k1,0.0,1.0,0,0,B
y_s67_i35_j32_k2,0.0,1.0,0,0,B
y_s67_i36_j49_k0,0.0,1.0,0,0,B
y_s67_i36_j49_k1,0.0,1.0,0,0,B
y_s67_i36_j49_k2,0.0,1.0,0,0,B
y_s67_i37_j39_k0,0.0,1.0,0,0,B
y_s67_i37_j39_k1,0.0,1.0,0,0,B
y_s67_i37_j39_k2,0.0,1.0,0,0,B
y_s67_i38_j15_k0,0.0,1.0,0,0,B
y_s67_i38_j15_k1,0.0,1.0,0,0,B
y_s67_i38_j15_k2,0.0,1.0,0,0,B
y_s67_i39_j53_k0,0.0,1.0,0,0,B
y_s67_i39_j53_k1,0.0,1.0,0,0,B
y_s67_i39_j53_k2,0.0,1.0,0,0,B
y_s67_i40_j37_k0,0.0,1.0,0,0,B
y_s67_i40_j37_k1,0.0,1.0,0,0,B
y_s67_i40_j37_k2,0.0,1.0,0,0,B
y_s67_i41_j4_k0,0.0,1.0,0,0,B
y_s67_i41_j4_k1,0.0,1.0,0,0,B
y_s67_i41_j4_k2,0.0,1.0,0,0,B
y_s67_i42_j44_k0,0.0,1.0,0,0,B
y_s67_i42_j44_k1,0.0,1.0,0,0,B
y_s67_i42_j44_k2,0.0,1.0,0,0,B
y_s67_i43_j19_k0,0.0,1.0,0,0,B
y_s67_i43_j19_k1,0.0,1.0,0,0,B
y_s67_i43_j19_k2,0.0,1.0,0,0,B
y_s67_i44_j50_k0,0.0,1.0,0,0,B
y_s67_i44_j50_k1,0.0,1.0,0,0,B
y_s67_i44_j50_k2,0.0,1.0,0,0,B
y_s67_i45_j18_k0,0.0,1.0,0,0,B
y_s67_i45_j18_k1,0.0,1.0,0,0,B
y_s67_i45_j18_k2,0.0,1.0,0,0,B
y_s67_i46_j42_k0,0.0,1.0,0,0,B
y_s67_i46_j42_k1,0.0,1.0,0,0,B
y_s67_i46_j42_k2,0.0,1.0,0,0,B
y_s67_i47_j41_k0,0.0,1.0,0,0,B
y_s67_i47_j41_k1,0.0,1.0,0,0,B
y_s67_i47_j41_k2,0.0,1.0,0,0,B
y_s67_i48_j51_k0,0.0,1.0,0,0,B
y_s67_i48_j51_k1,0.0,1.0,0,0,B
y_s67_i48_j51_k2,0.0,1.0,0,0,B
y_s67_i49_j26_k0,0.0,1.0,0,0,B
y_s67_i49_j26_k1,0.0,1.0,0,0,B
y_s67_i49_j26_k2,0.0,1.0,0,0,B
y_s67_i50_j48_k0,0.0,1.0,0,0,B
y_s67_i50_j48_k1,0.0,1.0,0,0,B
y_s67_i50_j48_k2,0.0,1.0,0,0,B
y_s67_i51_j36_k0,0.0,1.0,0,0,B
y_s67_i51_j36_k1,0.0,1.0,0,0,B
y_s67_i51_j36_k2,0.0,1.0,0,0,B
y_s67_i52_j47_k0,0.0,1.0,0,0,B
y_s67_i52_j47_k1,0.0,1.0,0,0,B
y_s67_i52_j47_k2,0.0,1.0,0,0,B
y_s67_i53_j43_k0,0.0,1.0,0,0,B
y_s67_i53_j43_k1,0.0,1.0,0,0,B
y_s67_i53_j43_k2,0.0,1.0,0,0,B
y_s80_i0_j2_k0,0.0,1.0,0,0,B
y_s80_i0_j2_k1,0.0,1.0,0,0,B
y_s80_i0_j2_k2,0.0,1.0,0,0,B
y_s80_i1_j22_k0,0.0,1.0,0,0,B
y_s80_i1_j22_k1,0.0,1.0,0,0,B
y_s80_i1_j22_k2,0.0,1.0,0,0,B
y_s80_i2_j1_k0,0.0,1.0,0,0,B
y_s80_i2_j1_k1,0.0,1.0,0,0,B
y_s80_i2_j1_k2,0.0,1.0,0,0,B
y_s80_i3_j9_k0,0.0,1.0,0,0,B
y_s80_i3_j9_k1,0.0,1.0,0,0,B
y_s80_i3_j9_k2,0.0,1.0,0,0,B
y_s80_i4_j34_k0,0.0,1.0,0,0,B
y_s80_i4_j34_k1,0.0,1.0,0,0,B
y_s80_i4_j34_k2,0.0,1.0,0,0,B
y_s80_i5_j0_k0,0.0,1.0,0,0,B
y_s80_i5_j0_k1,0.0,1.0,0,0,B
y_s80_i5_j0_k2,0.0,1.0,0,0,B
y_s80_i6_j52_k0,0.0,1.0,0,0,B
y_s80_i6_j52_k1,0.0,1.0,0,0,B
y_s80_i6_j52_k2,0.0,1.0,0,0,B
y_s80_i7_j3_k0,0.0,1.0,0,0,B
y_s80_i7_j3_k1,0.0,1.0,0,0,B
y_s80_i7_j3_k2,0.0,1.0,0,0,B
y_s80_i8_j10_k0,0.0,1.0,0,0,B
y_s80_i8_j10_k1,0.0,1.0,0,0,B
y_s80_i8_j10_k2,0.0,1.0,0,0,B
y_s80_i9_j6_k0,0.0,1.0,0,0,B
y_s80_i9_j6_k1,0.0,1.0,0,0,B
y_s80_i9_j6_k2,0.0,1.0,0,0,B
y_s80_i10_j5_k0,0.0,1.0,0,0,B
y_s80_i10_j5_k1,0.0,1.0,0,0,B
y_s80_i10_j5_k2,0.0,1.0,0,0,B
y_s80_i11_j8_k0,0.0,1.0,0,0,B
y_s80_i11_j8_k1,0.0,1.0,0,0,B
y_s80_i11_j8_k2,0.0,1.0,0,0,B
y_s80_i12_j11_k0,0.0,1.0,0,0,B
y_s80_i12_j11_k1,0.0,1.0,0,0,B
y_s80_i12_j11_k2,0.0,1.0,0,0,B
y_s80_i13_j14_k0,0.0,1.0,0,0,B
y_s80_i13_j14_k1,0.0,1.0,0,0,B
y_s80_i13_j14_k2,0.0,1.0,0,0,B
y_s80_i14_j12_k0,0.0,1.0,0,0,B
y_s80_i14_j12_k1,0.0,1.0,0,0,B
y_s80_i14_j12_k2,0.0,1.0,0,0,B
y_s80_i15_j13_k0,0.0,1.0,0,0,B
y_s80_i15_j13_k1,0.0,1.0,0,0,B
y_s80_i15_j13_k2,0.0,1.0,0,0,B
y_s80_i16_j17_k0,0.0,1.0,0,0,B
y_s80_i16_j17_k1,0.0,1.0,0,0,B
y_s80_i16_j17_k2,0.0,1.0,0,0,B
y_s80_i17_j38_k0,0.0,1.0,0,0,B
y_s80_i17_j38_k1,0.0,1.0,0,0,B
y_s80_i17_j38_k2,0.0,1.0,0,0,B
y_s80_i18_j20_k0,0.0,1.0,0,0,B
y_s80_i18_j20_k1,0.0,1.0,0,0,B
y_s80_i18_j20_k2,0.0,1.0,0,0,B
y_s80_i19_j45_k0,0.0,1.0,0,0,B
y_s80_i19_j45_k1,0.0,1.0,0,0,B
y_s80_i19_j45_k2,0.0,1.0,0,0,B
y_s80_i20_j16_k0,0.0,1.0,0,0,B
y_s80_i20_j16_k1,0.0,1.0,0,0,B
y_s80_i20_j16_k2,0.0,1.0,0,0,B
y_s80_i21_j24_k0,0.0,1.0,0,0,B
y_s80_i21_j24_k1,0.0,1.0,0,0,B
y_s80_i21_j24_k2,0.0,1.0,0,0,B
y_s80_i22_j21_k0,0.0,1.0,0,0,B
y_s80_i22_j21_k1,0.0,1.0,0,0,B
y_s80_i22_j21_k2,0.0,1.0,0,0,B
y_s80_i23_j46_k0,0.0,1.0,0,0,B
y_s80_i23_j46_k1,0.0,1.0,0,0,B
y_s80_i23_j46_k2,0.0,1.0,0,0,B
y_s80_i24_j23_k0,0.0,1.0,0,0,B
y_s80_i24_j23_k1,0.0,1.0,0,0,B
y_s80_i24_j23_k2,0.0,1.0,0,0,B
y_s80_i25_j31_k0,0.0,1.0,0,0,B
y_s80_i25_j31_k1,0.0,1.0,0,0,B
y_s80_i25_j31_k2,0.0,1.0,0,0,B
y_s80_i26_j27_k0,0.0,1.0,0,0,B
y_s80_i26_j27_k1,0.0,1.0,0,0,B
y_s80_i26_j27_k2,0.0,1.0,0,0,B
y_s80_i27_j28_k0,0.0,1.0,0,0,B
y_s80_i27_j28_k1,0.0,1.0,0,0,B
y_s80_i27_j28_k2,0.0,1.0,0,0,B
y_s80_i28_j25_k0,0.0,1.0,0,0,B
y_s80_i28_j25_k1,0.0,1.0,0,0,B
y_s80_i28_j25_k2,0.0,1.0,0,0,B
y_s80_i29_j7_k0,0.0,1.0,0,0,B
y_s80_i29_j7_k1,0.0,1.0,0,0,B
y_s80_i29_j7_k2,0.0,1.0,0,0,B
y_s80_i30_j29_k0,0.0,1.0,0,0,B
y_s80_i30_j29_k1,0.0,1.0,0,0,B
y_s80_i30_j29_k2,0.0,1.0,0,0,B
y_s80_i31_j30_k0,0.0,1.0,0,0,B
y_s80_i31_j30_k1,0.0,1.0,0,0,B
y_s80_i31_j30_k2,0.0,1.0,0,0,B
y_s80_i32_j40_k0,0.0,1.0,0,0,B
y_s80_i32_j40_k1,0.0,1.0,0,0,B
y_s80_i32_j40_k2,0.0,1.0,0,0,B
y_s80_i33_j35_k0,0.0,1.0,0,0,B
y_s80_i33_j35_k1,0.0,1.0,0,0,B
y_s80_i33_j35_k2,0.0,1.0,0,0,B
y_s80_i34_j33_k0,0.0,1.0,0,0,B
y_s80_i34_j33_k1,0.0,1.0,0,0,B
y_s80_i34_j33_k2,0.0,1.0,0,0,B
y_s80_i35_j32_k0,0.0,1.0,0,0,B
y_s80_i35_j32_k1,0.0,1.0,0,0,B
y_s80_i35_j32_k2,0.0,1.0,0,0,B
y_s80_i36_j49_k0,0.0,1.0,0,0,B
y_s80_i36_j49_k1,0.0,1.0,0,0,B
y_s80_i36_j49_k2,0.0,1.0,0,0,B
y_s80_i37_j39_k0,0.0,1.0,0,0,B
y_s80_i37_j39_k1,0.0,1.0,0,0,B
y_s80_i37_j39_k2,0.0,1.0,0,0,B
y_s80_i38_j15_k0,0.0,1.0,0,0,B
y_s80_i38_j15_k1,0.0,1.0,0,0,B
y_s80_i38_j15_k2,0.0,1.0,0,0,B
y_s80_i39_j53_k0,0.0,1.0,0,0,B
y_s80_i39_j53_k1,0.0,1.0,0,0,B
y_s80_i39_j53_k2,0.0,1.0,0,0,B
y_s80_i40_j37_k0,0.0,1.0,0,0,B
y_s80_i40_j37_k1,0.0,1.0,0,0,B
y_s80_i40_j37_k2,0.0,1.0,0,0,B
y_s80_i41_j4_k0,0.0,1.0,0,0,B
y_s80_i41_j4_k1,0.0,1.0,0,0,B
y_s80_i41_j4_k2,0.0,1.0,0,0,B
y_s80_i42_j44_k0,0.0,1.0,0,0,B
y_s80_i42_j44_k1,0.0,1.0,0,0,B
y_s80_i42_j44_k2,0.0,1.0,0,0,B
y_s80_i43_j19_k0,0.0,1.0,0,0,B
y_s80_i43_j19_k1,0.0,1.0,0,0,B
y_s80_i43_j19_k2,0.0,1.0,0,0,B
y_s80_i44_j50_k0,0.0,1.0,0,0,B
y_s80_i44_j50_k1,0.0,1.0,0,0,B
y_s80_i44_j50_k2,0.0,1.0,0,0,B
y_s80_i45_j18_k0,0.0,1.0,0,0,B
y_s80_i45_j18_k1,0.0,1.0,0,0,B
y_s80_i45_j18_k2,0.0,1.0,0,0,B
y_s80_i46_j42_k0,0.0,1.0,0,0,B
y_s80_i46_j42_k1,0.0,1.0,0,0,B
y_s80_i46_j42_k2,0.0,1.0,0,0,B
y_s80_i47_j41_k0,0.0,1.0,0,0,B
y_s80_i47_j41_k1,0.0,1.0,0,0,B
y_s80_i47_j41_k2,0.0,1.0,0,0,B
y_s80_i48_j51_k0,0.0,1.0,0,0,B
y_s80_i48_j51_k1,0.0,1.0,0,0,B
y_s80_i48_j51_k2,0.0,1.0,0,0,B
y_s80_i49_j26_k0,0.0,1.0,0,0,B
y_s80_i49_j26_k1,0.0,1.0,0,0,B
y_s80_i49_j26_k2,0.0,1.0,0,0,B
y_s80_i50_j48_k0,0.0,1.0,0,0,B
y_s80_i50_j48_k1,0.0,1.0,0,0,B
y_s80_i50_j48_k2,0.0,1.0,0,0,B
y_s80_i51_j36_k0,0.0,1.0,0,0,B
y_s80_i51_j36_k1,0.0,1.0,0,0,B
y_s80_i51_j36_k2,0.0,1.0,0,0,B
y_s80_i52_j47_k0,0.0,1.0,0,0,B
y_s80_i52_j47_k1,0.0,1.0,0,0,B
y_s80_i52_j47_k2,0.0,1.0,0,0,B
y_s80_i53_j43_k0,0.0,1.0,0,0,B
y_s80_i53_j43_k1,0.0,1.0,0,0,B
y_s80_i53_j43_k2,0.0,1.0,0,0,B
y_s55_i0_j2_k0,0.0,1.0,0,0,B
y_s55_i0_j2_k1,0.0,1.0,0,0,B
y_s55_i0_j2_k2,0.0,1.0,0,0,B
y_s55_i1_j22_k0,0.0,1.0,0,0,B
y_s55_i1_j22_k1,0.0,1.0,0,0,B
y_s55_i1_j22_k2,0.0,1.0,0,0,B
y_s55_i2_j1_k0,0.0,1.0,0,0,B
y_s55_i2_j1_k1,0.0,1.0,0,0,B
y_s55_i2_j1_k2,0.0,1.0,0,0,B
y_s55_i3_j9_k0,0.0,1.0,0,0,B
y_s55_i3_j9_k1,0.0,1.0,0,0,B
y_s55_i3_j9_k2,0.0,1.0,0,0,B
y_s55_i4_j34_k0,0.0,1.0,0,0,B
y_s55_i4_j34_k1,0.0,1.0,0,0,B
y_s55_i4_j34_k2,0.0,1.0,0,0,B
y_s55_i5_j0_k0,0.0,1.0,0,0,B
y_s55_i5_j0_k1,0.0,1.0,0,0,B
y_s55_i5_j0_k2,0.0,1.0,0,0,B
y_s55_i6_j52_k0,0.0,1.0,0,0,B
y_s55_i6_j52_k1,0.0,1.0,0,0,B
y_s55_i6_j52_k2,0.0,1.0,0,0,B
y_s55_i7_j3_k0,0.0,1.0,0,0,B
y_s55_i7_j3_k1,0.0,1.0,0,0,B
y_s55_i7_j3_k2,0.0,1.0,0,0,B
y_s55_i8_j10_k0,0.0,1.0,0,0,B
y_s55_i8_j10_k1,0.0,1.0,0,0,B
y_s55_i8_j10_k2,0.0,1.0,0,0,B
y_s55_i9_j6_k0,0.0,1.0,0,0,B
y_s55_i9_j6_k1,0.0,1.0,0,0,B
y_s55_i9_j6_k2,0.0,1.0,0,0,B
y_s55_i10_j5_k0,0.0,1.0,0,0,B
y_s55_i10_j5_k1,0.0,1.0,0,0,B
y_s55_i10_j5_k2,0.0,1.0,0,0,B
y_s55_i11_j8_k0,0.0,1.0,0,0,B
y_s55_i11_j8_k1,0.0,1.0,0,0,B
y_s55_i11_j8_k2,0.0,1.0,0,0,B
y_s55_i12_j11_k0,0.0,1.0,0,0,B
y_s55_i12_j11_k1,0.0,1.0,0,0,B
y_s55_i12_j11_k2,0.0,1.0,0,0,B
y_s55_i13_j14_k0,0.0,1.0,0,0,B
y_s55_i13_j14_k1,0.0,1.0,0,0,B
y_s55_i13_j14_k2,0.0,1.0,0,0,B
y_s55_i14_j12_k0,0.0,1.0,0,0,B
y_s55_i14_j12_k1,0.0,1.0,0,0,B
y_s55_i14_j12_k2,0.0,1.0,0,0,B
y_s55_i15_j13_k0,0.0,1.0,0,0,B
y_s55_i15_j13_k1,0.0,1.0,0,0,B
y_s55_i15_j13_k2,0.0,1.0,0,0,B
y_s55_i16_j17_k0,0.0,1.0,0,0,B
y_s55_i16_j17_k1,0.0,1.0,0,0,B
y_s55_i16_j17_k2,0.0,1.0,0,0,B
y_s55_i17_j38_k0,0.0,1.0,0,0,B
y_s55_i17_j38_k1,0.0,1.0,0,0,B
y_s55_i17_j38_k2,0.0,1.0,0,0,B
y_s55_i18_j20_k0,0.0,1.0,0,0,B
y_s55_i18_j20_k1,0.0,1.0,0,0,B
y_s55_i18_j20_k2,0.0,1.0,0,0,B
y_s55_i19_j45_k0,0.0,1.0,0,0,B
y_s55_i19_j45_k1,0.0,1.0,0,0,B
y_s55_i19_j45_k2,0.0,1.0,0,0,B
y_s55_i20_j16_k0,0.0,1.0,0,0,B
y_s55_i20_j16_k1,0.0,1.0,0,0,B
y_s55_i20_j16_k2,0.0,1.0,0,0,B
y_s55_i21_j24_k0,0.0,1.0,0,0,B
y_s55_i21_j24_k1,0.0,1.0,0,0,B
y_s55_i21_j24_k2,0.0,1.0,0,0,B
y_s55_i22_j21_k0,0.0,1.0,0,0,B
y_s55_i22_j21_k1,0.0,1.0,0,0,B
y_s55_i22_j21_k2,0.0,1.0,0,0,B
y_s55_i23_j46_k0,0.0,1.0,0,0,B
y_s55_i23_j46_k1,0.0,1.0,0,0,B
y_s55_i23_j46_k2,0.0,1.0,0,0,B
y_s55_i24_j23_k0,0.0,1.0,0,0,B
y_s55_i24_j23_k1,0.0,1.0,0,0,B
y_s55_i24_j23_k2,0.0,1.0,0,0,B
y_s55_i25_j31_k0,0.0,1.0,0,0,B
y_s55_i25_j31_k1,0.0,1.0,0,0,B
y_s55_i25_j31_k2,0.0,1.0,0,0,B
y_s55_i26_j27_k0,0.0,1.0,0,0,B
y_s55_i26_j27_k1,0.0,1.0,0,0,B
y_s55_i26_j27_k2,0.0,1.0,0,0,B
y_s55_i27_j28_k0,0.0,1.0,0,0,B
y_s55_i27_j28_k1,0.0,1.0,0,0,B
y_s55_i27_j28_k2,0.0,1.0,0,0,B
y_s55_i28_j25_k0,0.0,1.0,0,0,B
y_s55_i28_j25_k1,0.0,1.0,0,0,B
y_s55_i28_j25_k2,0.0,1.0,0,0,B
y_s55_i29_j7_k0,0.0,1.0,0,0,B
y_s55_i29_j7_k1,0.0,1.0,0,0,B
y_s55_i29_j7_k2,0.0,1.0,0,0,B
y_s55_i30_j29_k0,0.0,1.0,0,0,B
y_s55_i30_j29_k1,0.0,1.0,0,0,B
y_s55_i30_j29_k2,0.0,1.0,0,0,B
y_s55_i31_j30_k0,0.0,1.0,0,0,B
y_s55_i31_j30_k1,0.0,1.0,0,0,B
y_s55_i31_j30_k2,0.0,1.0,0,0,B
y_s55_i32_j40_k0,0.0,1.0,0,0,B
y_s55_i32_j40_k1,0.0,1.0,0,0,B
y_s55_i32_j40_k2,0.0,1.0,0,0,B
y_s55_i33_j35_k0,0.0,1.0,0,0,B
y_s55_i33_j35_k1,0.0,1.0,0,0,B
y_s55_i33_j35_k2,0.0,1.0,0,0,B
y_s55_i34_j33_k0,0.0,1.0,0,0,B
y_s55_i34_j33_k1,0.0,1.0,0,0,B
y_s55_i34_j33_k2,0.0,1.0,0,0,B
y_s55_i35_j32_k0,0.0,1.0,0,0,B
y_s55_i35_j32_k1,0.0,1.0,0,0,B
y_s55_i35_j32_k2,0.0,1.0,0,0,B
y_s55_i36_j49_k0,0.0,1.0,0,0,B
y_s55_i36_j49_k1,0.0,1.0,0,0,B
y_s55_i36_j49_k2,0.0,1.0,0,0,B
y_s55_i37_j39_k0,0.0,1.0,0,0,B
y_s55_i37_j39_k1,0.0,1.0,0,0,B
y_s55_i37_j39_k2,0.0,1.0,0,0,B
y_s55_i38_j15_k0,0.0,1.0,0,0,B
y_s55_i38_j15_k1,0.0,1.0,0,0,B
y_s55_i38_j15_k2,0.0,1.0,0,0,B
y_s55_i39_j53_k0,0.0,1.0,0,0,B
y_s55_i39_j53_k1,0.0,1.0,0,0,B
y_s55_i39_j53_k2,0.0,1.0,0,0,B
y_s55_i40_j37_k0,0.0,1.0,0,0,B
y_s55_i40_j37_k1,0.0,1.0,0,0,B
y_s55_i40_j37_k2,0.0,1.0,0,0,B
y_s55_i41_j4_k0,0.0,1.0,0,0,B
y_s55_i41_j4_k1,0.0,1.0,0,0,B
y_s55_i41_j4_k2,0.0,1.0,0,0,B
y_s55_i42_j44_k0,0.0,1.0,0,0,B
y_s55_i42_j44_k1,0.0,1.0,0,0,B
y_s55_i42_j44_k2,0.0,1.0,0,0,B
y_s55_i43_j19_k0,0.0,1.0,0,0,B
y_s55_i43_j19_k1,0.0,1.0,0,0,B
y_s55_i43_j19_k2,0.0,1.0,0,0,B
y_s55_i44_j50_k0,0.0,1.0,0,0,B
y_s55_i44_j50_k1,0.0,1.0,0,0,B
y_s55_i44_j50_k2,0.0,1.0,0,0,B
y_s55_i45_j18_k0,0.0,1.0,0,0,B
y_s55_i45_j18_k1,0.0,1.0,0,0,B
y_s55_i45_j18_k2,0.0,1.0,0,0,B
y_s55_i46_j42_k0,0.0,1.0,0,0,B
y_s55_i46_j42_k1,0.0,1.0,0,0,B
y_s55_i46_j42_k2,0.0,1.0,0,0,B
y_s55_i47_j41_k0,0.0,1.0,0,0,B
y_s55_i47_j41_k1,0.0,1.0,0,0,B
y_s55_i47_j41_k2,0.0,1.0,0,0,B
y_s55_i48_j51_k0,0.0,1.0,0,0,B
y_s55_i48_j51_k1,0.0,1.0,0,0,B
y_s55_i48_j51_k2,0.0,1.0,0,0,B
y_s55_i49_j26_k0,0.0,1.0,0,0,B
y_s55_i49_j26_k1,0.0,1.0,0,0,B
y_s55_i49_j26_k2,0.0,1.0,0,0,B
y_s55_i50_j48_k0,0.0,1.0,0,0,B
y_s55_i50_j48_k1,0.0,1.0,0,0,B
y_s55_i50_j48_k2,0.0,1.0,0,0,B
y_s55_i51_j36_k0,0.0,1.0,0,0,B
y_s55_i51_j36_k1,0.0,1.0,0,0,B
y_s55_i51_j36_k2,0.0,1.0,0,0,B
y_s55_i52_j47_k0,0.0,1.0,0,0,B
y_s55_i52_j47_k1,0.0,1.0,0,0,B
y_s55_i52_j47_k2,0.0,1.0,0,0,B
y_s55_i53_j43_k0,0.0,1.0,0,0,B
y_s55_i53_j43_k1,0.0,1.0,0,0,B
y_s55_i53_j43_k2,0.0,1.0,0,0,B
y_s4_i0_j2_k0,0.0,1.0,0,0,B
y_s4_i0_j2_k1,0.0,1.0,0,0,B
y_s4_i0_j2_k2,0.0,1.0,0,0,B
y_s4_i1_j22_k0,0.0,1.0,0,0,B
y_s4_i1_j22_k1,0.0,1.0,0,0,B
y_s4_i1_j22_k2,0.0,1.0,0,0,B
y_s4_i2_j1_k0,0.0,1.0,0,0,B
y_s4_i2_j1_k1,0.0,1.0,0,0,B
y_s4_i2_j1_k2,0.0,1.0,0,0,B
y_s4_i3_j9_k0,0.0,1.0,0,0,B
y_s4_i3_j9_k1,0.0,1.0,0,0,B
y_s4_i3_j9_k2,0.0,1.0,0,0,B
y_s4_i4_j34_k0,0.0,1.0,0,0,B
y_s4_i4_j34_k1,0.0,1.0,0,0,B
y_s4_i4_j34_k2,0.0,1.0,0,0,B
y_s4_i5_j0_k0,0.0,1.0,0,0,B
y_s4_i5_j0_k1,0.0,1.0,0,0,B
y_s4_i5_j0_k2,0.0,1.0,0,0,B
y_s4_i6_j52_k0,0.0,1.0,0,0,B
y_s4_i6_j52_k1,0.0,1.0,0,0,B
y_s4_i6_j52_k2,0.0,1.0,0,0,B
y_s4_i7_j3_k0,0.0,1.0,0,0,B
y_s4_i7_j3_k1,0.0,1.0,0,0,B
y_s4_i7_j3_k2,0.0,1.0,0,0,B
y_s4_i8_j10_k0,0.0,1.0,0,0,B
y_s4_i8_j10_k1,0.0,1.0,0,0,B
y_s4_i8_j10_k2,0.0,1.0,0,0,B
y_s4_i9_j6_k0,0.0,1.0,0,0,B
y_s4_i9_j6_k1,0.0,1.0,0,0,B
y_s4_i9_j6_k2,0.0,1.0,0,0,B
y_s4_i10_j5_k0,0.0,1.0,0,0,B
y_s4_i10_j5_k1,0.0,1.0,0,0,B
y_s4_i10_j5_k2,0.0,1.0,0,0,B
y_s4_i11_j8_k0,0.0,1.0,0,0,B
y_s4_i11_j8_k1,0.0,1.0,0,0,B
y_s4_i11_j8_k2,0.0,1.0,0,0,B
y_s4_i12_j11_k0,0.0,1.0,0,0,B
y_s4_i12_j11_k1,0.0,1.0,0,0,B
y_s4_i12_j11_k2,0.0,1.0,0,0,B
y_s4_i13_j14_k0,0.0,1.0,0,0,B
y_s4_i13_j14_k1,0.0,1.0,0,0,B
y_s4_i13_j14_k2,0.0,1.0,0,0,B
y_s4_i14_j12_k0,0.0,1.0,0,0,B
y_s4_i14_j12_k1,0.0,1.0,0,0,B
y_s4_i14_j12_k2,0.0,1.0,0,0,B
y_s4_i15_j13_k0,0.0,1.0,0,0,B
y_s4_i15_j13_k1,0.0,1.0,0,0,B
y_s4_i15_j13_k2,0.0,1.0,0,0,B
y_s4_i16_j17_k0,0.0,1.0,0,0,B
y_s4_i16_j17_k1,0.0,1.0,0,0,B
y_s4_i16_j17_k2,0.0,1.0,0,0,B
y_s4_i17_j38_k0,0.0,1.0,0,0,B
y_s4_i17_j38_k1,0.0,1.0,0,0,B
y_s4_i17_j38_k2,0.0,1.0,0,0,B
y_s4_i18_j20_k0,0.0,1.0,0,0,B
y_s4_i18_j20_k1,0.0,1.0,0,0,B
y_s4_i18_j20_k2,0.0,1.0,0,0,B
y_s4_i19_j45_k0,0.0,1.0,0,0,B
y_s4_i19_j45_k1,0.0,1.0,0,0,B
y_s4_i19_j45_k2,0.0,1.0,0,0,B
y_s4_i20_j16_k0,0.0,1.0,0,0,B
y_s4_i20_j16_k1,0.0,1.0,0,0,B
y_s4_i20_j16_k2,0.0,1.0,0,0,B
y_s4_i21_j24_k0,0.0,1.0,0,0,B
y_s4_i21_j24_k1,0.0,1.0,0,0,B
y_s4_i21_j24_k2,0.0,1.0,0,0,B
y_s4_i22_j21_k0,0.0,1.0,0,0,B
y_s4_i22_j21_k1,0.0,1.0,0,0,B
y_s4_i22_j21_k2,0.0,1.0,0,0,B
y_s4_i23_j46_k0,0.0,1.0,0,0,B
y_s4_i23_j46_k1,0.0,1.0,0,0,B
y_s4_i23_j46_k2,0.0,1.0,0,0,B
y_s4_i24_j23_k0,0.0,1.0,0,0,B
y_s4_i24_j23_k1,0.0,1.0,0,0,B
y_s4_i24_j23_k2,0.0,1.0,0,0,B
y_s4_i25_j31_k0,0.0,1.0,0,0,B
y_s4_i25_j31_k1,0.0,1.0,0,0,B
y_s4_i25_j31_k2,0.0,1.0,0,0,B
y_s4_i26_j27_k0,0.0,1.0,0,0,B
y_s4_i26_j27_k1,0.0,1.0,0,0,B
y_s4_i26_j27_k2,0.0,1.0,0,0,B
y_s4_i27_j28_k0,0.0,1.0,0,0,B
y_s4_i27_j28_k1,0.0,1.0,0,0,B
y_s4_i27_j28_k2,0.0,1.0,0,0,B
y_s4_i28_j25_k0,0.0,1.0,0,0,B
y_s4_i28_j25_k1,0.0,1.0,0,0,B
y_s4_i28_j25_k2,0.0,1.0,0,0,B
y_s4_i29_j7_k0,0.0,1.0,0,0,B
y_s4_i29_j7_k1,0.0,1.0,0,0,B
y_s4_i29_j7_k2,0.0,1.0,0,0,B
y_s4_i30_j29_k0,0.0,1.0,0,0,B
y_s4_i30_j29_k1,0.0,1.0,0,0,B
y_s4_i30_j29_k2,0.0,1.0,0,0,B
y_s4_i31_j30_k0,0.0,1.0,0,0,B
y_s4_i31_j30_k1,0.0,1.0,0,0,B
y_s4_i31_j30_k2,0.0,1.0,0,0,B
y_s4_i32_j40_k0,0.0,1.0,0,0,B
y_s4_i32_j40_k1,0.0,1.0,0,0,B
y_s4_i32_j40_k2,0.0,1.0,0,0,B
y_s4_i33_j35_k0,0.0,1.0,0,0,B
y_s4_i33_j35_k1,0.0,1.0,0,0,B
y_s4_i33_j35_k2,0.0,1.0,0,0,B
y_s4_i34_j33_k0,0.0,1.0,0,0,B
y_s4_i34_j33_k1,0.0,1.0,0,0,B
y_s4_i34_j33_k2,0.0,1.0,0,0,B
y_s4_i35_j32_k0,0.0,1.0,0,0,B
y_s4_i35_j32_k1,0.0,1.0,0,0,B
y_s4_i35_j32_k2,0.0,1.0,0,0,B
y_s4_i36_j49_k0,0.0,1.0,0,0,B
y_s4_i36_j49_k1,0.0,1.0,0,0,B
y_s4_i36_j49_k2,0.0,1.0,0,0,B
y_s4_i37_j39_k0,0.0,1.0,0,0,B
y_s4_i37_j39_k1,0.0,1.0,0,0,B
y_s4_i37_j39_k2,0.0,1.0,0,0,B
y_s4_i38_j15_k0,0.0,1.0,0,0,B
y_s4_i38_j15_k1,0.0,1.0,0,0,B
y_s4_i38_j15_k2,0.0,1.0,0,0,B
y_s4_i39_j53_k0,0.0,1.0,0,0,B
y_s4_i39_j53_k1,0.0,1.0,0,0,B
y_s4_i39_j53_k2,0.0,1.0,0,0,B
y_s4_i40_j37_k0,0.0,1.0,0,0,B
y_s4_i40_j37_k1,0.0,1.0,0,0,B
y_s4_i40_j37_k2,0.0,1.0,0,0,B
y_s4_i41_j4_k0,0.0,1.0,0,0,B
y_s4_i41_j4_k1,0.0,1.0,0,0,B
y_s4_i41_j4_k2,0.0,1.0,0,0,B
y_s4_i42_j44_k0,0.0,1.0,0,0,B
y_s4_i42_j44_k1,0.0,1.0,0,0,B
y_s4_i42_j44_k2,0.0,1.0,0,0,B
y_s4_i43_j19_k0,0.0,1.0,0,0,B
y_s4_i43_j19_k1,0.0,1.0,0,0,B
y_s4_i43_j19_k2,0.0,1.0,0,0,B
y_s4_i44_j50_k0,0.0,1.0,0,0,B
y_s4_i44_j50_k1,0.0,1.0,0,0,B
y_s4_i44_j50_k2,0.0,1.0,0,0,B
y_s4_i45_j18_k0,0.0,1.0,0,0,B
y_s4_i45_j18_k1,0.0,1.0,0,0,B
y_s4_i45_j18_k2,0.0,1.0,0,0,B
y_s4_i46_j42_k0,0.0,1.0,0,0,B
y_s4_i46_j42_k1,0.0,1.0,0,0,B
y_s4_i46_j42_k2,0.0,1.0,0,0,B
y_s4_i47_j41_k0,0.0,1.0,0,0,B
y_s4_i47_j41_k1,0.0,1.0,0,0,B
y_s4_i47_j41_k2,0.0,1.0,0,0,B
y_s4_i48_j51_k0,0.0,1.0,0,0,B
y_s4_i48_j51_k1,0.0,1.0,0,0,B
y_s4_i48_j51_k2,0.0,1.0,0,0,B
y_s4_i49_j26_k0,0.0,1.0,0,0,B
y_s4_i49_j26_k1,0.0,1.0,0,0,B
y_s4_i49_j26_k2,0.0,1.0,0,0,B
y_s4_i50_j48_k0,0.0,1.0,0,0,B
y_s4_i50_j48_k1,0.0,1.0,0,0,B
y_s4_i50_j48_k2,0.0,1.0,0,0,B
y_s4_i51_j36_k0,0.0,1.0,0,0,B
y_s4_i51_j36_k1,0.0,1.0,0,0,B
y_s4_i51_j36_k2,0.0,1.0,0,0,B
y_s4_i52_j47_k0,0.0,1.0,0,0,B
y_s4_i52_j47_k1,0.0,1.0,0,0,B
y_s4_i52_j47_k2,0.0,1.0,0,0,B
y_s4_i53_j43_k0,0.0,1.0,0,0,B
y_s4_i53_j43_k1,0.0,1.0,0,0,B
y_s4_i53_j43_k2,0.0,1.0,0,0,B
y_s5_i0_j2_k0,0.0,1.0,0,0,B
y_s5_i0_j2_k1,0.0,1.0,0,0,B
y_s5_i0_j2_k2,0.0,1.0,0,0,B
y_s5_i1_j22_k0,0.0,1.0,0,0,B
y_s5_i1_j22_k1,0.0,1.0,0,0,B
y_s5_i1_j22_k2,0.0,1.0,0,0,B
y_s5_i2_j1_k0,0.0,1.0,0,0,B
y_s5_i2_j1_k1,0.0,1.0,0,0,B
y_s5_i2_j1_k2,0.0,1.0,0,0,B
y_s5_i3_j9_k0,0.0,1.0,0,0,B
y_s5_i3_j9_k1,0.0,1.0,0,0,B
y_s5_i3_j9_k2,0.0,1.0,0,0,B
y_s5_i4_j34_k0,0.0,1.0,0,0,B
y_s5_i4_j34_k1,0.0,1.0,0,0,B
y_s5_i4_j34_k2,0.0,1.0,0,0,B
y_s5_i5_j0_k0,0.0,1.0,0,0,B
y_s5_i5_j0_k1,0.0,1.0,0,0,B
y_s5_i5_j0_k2,0.0,1.0,0,0,B
y_s5_i6_j52_k0,0.0,1.0,0,0,B
y_s5_i6_j52_k1,0.0,1.0,0,0,B
y_s5_i6_j52_k2,0.0,1.0,0,0,B
y_s5_i7_j3_k0,0.0,1.0,0,0,B
y_s5_i7_j3_k1,0.0,1.0,0,0,B
y_s5_i7_j3_k2,0.0,1.0,0,0,B
y_s5_i8_j10_k0,0.0,1.0,0,0,B
y_s5_i8_j10_k1,0.0,1.0,0,0,B
y_s5_i8_j10_k2,0.0,1.0,0,0,B
y_s5_i9_j6_k0,0.0,1.0,0,0,B
y_s5_i9_j6_k1,0.0,1.0,0,0,B
y_s5_i9_j6_k2,0.0,1.0,0,0,B
y_s5_i10_j5_k0,0.0,1.0,0,0,B
y_s5_i10_j5_k1,0.0,1.0,0,0,B
y_s5_i10_j5_k2,0.0,1.0,0,0,B
y_s5_i11_j8_k0,0.0,1.0,0,0,B
y_s5_i11_j8_k1,0.0,1.0,0,0,B
y_s5_i11_j8_k2,0.0,1.0,0,0,B
y_s5_i12_j11_k0,0.0,1.0,0,0,B
y_s5_i12_j11_k1,0.0,1.0,0,0,B
y_s5_i12_j11_k2,0.0,1.0,0,0,B
y_s5_i13_j14_k0,0.0,1.0,0,0,B
y_s5_i13_j14_k1,0.0,1.0,0,0,B
y_s5_i13_j14_k2,0.0,1.0,0,0,B
y_s5_i14_j12_k0,0.0,1.0,0,0,B
y_s5_i14_j12_k1,0.0,1.0,0,0,B
y_s5_i14_j12_k2,0.0,1.0,0,0,B
y_s5_i15_j13_k0,0.0,1.0,0,0,B
y_s5_i15_j13_k1,0.0,1.0,0,0,B
y_s5_i15_j13_k2,0.0,1.0,0,0,B
y_s5_i16_j17_k0,0.0,1.0,0,0,B
y_s5_i16_j17_k1,0.0,1.0,0,0,B
y_s5_i16_j17_k2,0.0,1.0,0,0,B
y_s5_i17_j38_k0,0.0,1.0,0,0,B
y_s5_i17_j38_k1,0.0,1.0,0,0,B
y_s5_i17_j38_k2,0.0,1.0,0,0,B
y_s5_i18_j20_k0,0.0,1.0,0,0,B
y_s5_i18_j20_k1,0.0,1.0,0,0,B
y_s5_i18_j20_k2,0.0,1.0,0,0,B
y_s5_i19_j45_k0,0.0,1.0,0,0,B
y_s5_i19_j45_k1,0.0,1.0,0,0,B
y_s5_i19_j45_k2,0.0,1.0,0,0,B
y_s5_i20_j16_k0,0.0,1.0,0,0,B
y_s5_i20_j16_k1,0.0,1.0,0,0,B
y_s5_i20_j16_k2,0.0,1.0,0,0,B
y_s5_i21_j24_k0,0.0,1.0,0,0,B
y_s5_i21_j24_k1,0.0,1.0,0,0,B
y_s5_i21_j24_k2,0.0,1.0,0,0,B
y_s5_i22_j21_k0,0.0,1.0,0,0,B
y_s5_i22_j21_k1,0.0,1.0,0,0,B
y_s5_i22_j21_k2,0.0,1.0,0,0,B
y_s5_i23_j46_k0,0.0,1.0,0,0,B
y_s5_i23_j46_k1,0.0,1.0,0,0,B
y_s5_i23_j46_k2,0.0,1.0,0,0,B
y_s5_i24_j23_k0,0.0,1.0,0,0,B
y_s5_i24_j23_k1,0.0,1.0,0,0,B
y_s5_i24_j23_k2,0.0,1.0,0,0,B
y_s5_i25_j31_k0,0.0,1.0,0,0,B
y_s5_i25_j31_k1,0.0,1.0,0,0,B
y_s5_i25_j31_k2,0.0,1.0,0,0,B
y_s5_i26_j27_k0,0.0,1.0,0,0,B
y_s5_i26_j27_k1,0.0,1.0,0,0,B
y_s5_i26_j27_k2,0.0,1.0,0,0,B
y_s5_i27_j28_k0,0.0,1.0,0,0,B
y_s5_i27_j28_k1,0.0,1.0,0,0,B
y_s5_i27_j28_k2,0.0,1.0,0,0,B
y_s5_i28_j25_k0,0.0,1.0,0,0,B
y_s5_i28_j25_k1,0.0,1.0,0,0,B
y_s5_i28_j25_k2,0.0,1.0,0,0,B
y_s5_i29_j7_k0,0.0,1.0,0,0,B
y_s5_i29_j7_k1,0.0,1.0,0,0,B
y_s5_i29_j7_k2,0.0,1.0,0,0,B
y_s5_i30_j29_k0,0.0,1.0,0,0,B
y_s5_i30_j29_k1,0.0,1.0,0,0,B
y_s5_i30_j29_k2,0.0,1.0,0,0,B
y_s5_i31_j30_k0,0.0,1.0,0,0,B
y_s5_i31_j30_k1,0.0,1.0,0,0,B
y_s5_i31_j30_k2,0.0,1.0,0,0,B
y_s5_i32_j40_k0,0.0,1.0,0,0,B
y_s5_i32_j40_k1,0.0,1.0,0,0,B
y_s5_i32_j40_k2,0.0,1.0,0,0,B
y_s5_i33_j35_k0,0.0,1.0,0,0,B
y_s5_i33_j35_k1,0.0,1.0,0,0,B
y_s5_i33_j35_k2,0.0,1.0,0,0,B
y_s5_i34_j33_k0,0.0,1.0,0,0,B
y_s5_i34_j33_k1,0.0,1.0,0,0,B
y_s5_i34_j33_k2,0.0,1.0,0,0,B
y_s5_i35_j32_k0,0.0,1.0,0,0,B
y_s5_i35_j32_k1,0.0,1.0,0,0,B
y_s5_i35_j32_k2,0.0,1.0,0,0,B
y_s5_i36_j49_k0,0.0,1.0,0,0,B
y_s5_i36_j49_k1,0.0,1.0,0,0,B
y_s5_i36_j49_k2,0.0,1.0,0,0,B
y_s5_i37_j39_k0,0.0,1.0,0,0,B
y_s5_i37_j39_k1,0.0,1.0,0,0,B
y_s5_i37_j39_k2,0.0,1.0,0,0,B
y_s5_i38_j15_k0,0.0,1.0,0,0,B
y_s5_i38_j15_k1,0.0,1.0,0,0,B
y_s5_i38_j15_k2,0.0,1.0,0,0,B
y_s5_i39_j53_k0,0.0,1.0,0,0,B
y_s5_i39_j53_k1,0.0,1.0,0,0,B
y_s5_i39_j53_k2,0.0,1.0,0,0,B
y_s5_i40_j37_k0,0.0,1.0,0,0,B
y_s5_i40_j37_k1,0.0,1.0,0,0,B
y_s5_i40_j37_k2,0.0,1.0,0,0,B
y_s5_i41_j4_k0,0.0,1.0,0,0,B
y_s5_i41_j4_k1,0.0,1.0,0,0,B
y_s5_i41_j4_k2,0.0,1.0,0,0,B
y_s5_i42_j44_k0,0.0,1.0,0,0,B
y_s5_i42_j44_k1,0.0,1.0,0,0,B
y_s5_i42_j44_k2,0.0,1.0,0,0,B
y_s5_i43_j19_k0,0.0,1.0,0,0,B
y_s5_i43_j19_k1,0.0,1.0,0,0,B
y_s5_i43_j19_k2,0.0,1.0,0,0,B
y_s5_i44_j50_k0,0.0,1.0,0,0,B
y_s5_i44_j50_k1,0.0,1.0,0,0,B
y_s5_i44_j50_k2,0.0,1.0,0,0,B
y_s5_i45_j18_k0,0.0,1.0,0,0,B
y_s5_i45_j18_k1,0.0,1.0,0,0,B
y_s5_i45_j18_k2,0.0,1.0,0,0,B
y_s5_i46_j42_k0,0.0,1.0,0,0,B
y_s5_i46_j42_k1,0.0,1.0,0,0,B
y_s5_i46_j42_k2,0.0,1.0,0,0,B
y_s5_i47_j41_k0,0.0,1.0,0,0,B
y_s5_i47_j41_k1,0.0,1.0,0,0,B
y_s5_i47_j41_k2,0.0,1.0,0,0,B
y_s5_i48_j51_k0,0.0,1.0,0,0,B
y_s5_i48_j51_k1,0.0,1.0,0,0,B
y_s5_i48_j51_k2,0.0,1.0,0,0,B
y_s5_i49_j26_k0,0.0,1.0,0,0,B
y_s5_i49_j26_k1,0.0,1.0,0,0,B
y_s5_i49_j26_k2,0.0,1.0,0,0,B
y_s5_i50_j48_k0,0.0,1.0,0,0,B
y_s5_i50_j48_k1,0.0,1.0,0,0,B
y_s5_i50_j48_k2,0.0,1.0,0,0,B
y_s5_i51_j36_k0,0.0,1.0,0,0,B
y_s5_i51_j36_k1,0.0,1.0,0,0,B
y_s5_i51_j36_k2,0.0,1.0,0,0,B
y_s5_i52_j47_k0,0.0,1.0,0,0,B
y_s5_i52_j47_k1,0.0,1.0,0,0,B
y_s5_i52_j47_k2,0.0,1.0,0,0,B
y_s5_i53_j43_k0,0.0,1.0,0,0,B
y_s5_i53_j43_k1,0.0,1.0,0,0,B
y_s5_i53_j43_k2,0.0,1.0,0,0,B
y_s62_i0_j2_k0,0.0,1.0,0,0,B
y_s62_i0_j2_k1,0.0,1.0,0,0,B
y_s62_i0_j2_k2,0.0,1.0,0,0,B
y_s62_i1_j22_k0,0.0,1.0,0,0,B
y_s62_i1_j22_k1,0.0,1.0,0,0,B
y_s62_i1_j22_k2,0.0,1.0,0,0,B
y_s62_i2_j1_k0,0.0,1.0,0,0,B
y_s62_i2_j1_k1,0.0,1.0,0,0,B
y_s62_i2_j1_k2,0.0,1.0,0,0,B
y_s62_i3_j9_k0,0.0,1.0,0,0,B
y_s62_i3_j9_k1,0.0,1.0,0,0,B
y_s62_i3_j9_k2,0.0,1.0,0,0,B
y_s62_i4_j34_k0,0.0,1.0,0,0,B
y_s62_i4_j34_k1,0.0,1.0,0,0,B
y_s62_i4_j34_k2,0.0,1.0,0,0,B
y_s62_i5_j0_k0,0.0,1.0,0,0,B
y_s62_i5_j0_k1,0.0,1.0,0,0,B
y_s62_i5_j0_k2,0.0,1.0,0,0,B
y_s62_i6_j52_k0,0.0,1.0,0,0,B
y_s62_i6_j52_k1,0.0,1.0,0,0,B
y_s62_i6_j52_k2,0.0,1.0,0,0,B
y_s62_i7_j3_k0,0.0,1.0,0,0,B
y_s62_i7_j3_k1,0.0,1.0,0,0,B
y_s62_i7_j3_k2,0.0,1.0,0,0,B
y_s62_i8_j10_k0,0.0,1.0,0,0,B
y_s62_i8_j10_k1,0.0,1.0,0,0,B
y_s62_i8_j10_k2,0.0,1.0,0,0,B
y_s62_i9_j6_k0,0.0,1.0,0,0,B
y_s62_i9_j6_k1,0.0,1.0,0,0,B
y_s62_i9_j6_k2,0.0,1.0,0,0,B
y_s62_i10_j5_k0,0.0,1.0,0,0,B
y_s62_i10_j5_k1,0.0,1.0,0,0,B
y_s62_i10_j5_k2,0.0,1.0,0,0,B
y_s62_i11_j8_k0,0.0,1.0,0,0,B
y_s62_i11_j8_k1,0.0,1.0,0,0,B
y_s62_i11_j8_k2,0.0,1.0,0,0,B
y_s62_i12_j11_k0,0.0,1.0,0,0,B
y_s62_i12_j11_k1,0.0,1.0,0,0,B
y_s62_i12_j11_k2,0.0,1.0,0,0,B
y_s62_i13_j14_k0,0.0,1.0,0,0,B
y_s62_i13_j14_k1,0.0,1.0,0,0,B
y_s62_i13_j14_k2,0.0,1.0,0,0,B
y_s62_i14_j12_k0,0.0,1.0,0,0,B
y_s62_i14_j12_k1,0.0,1.0,0,0,B
y_s62_i14_j12_k2,0.0,1.0,0,0,B
y_s62_i15_j13_k0,0.0,1.0,0,0,B
y_s62_i15_j13_k1,0.0,1.0,0,0,B
y_s62_i15_j13_k2,0.0,1.0,0,0,B
y_s62_i16_j17_k0,0.0,1.0,0,0,B
y_s62_i16_j17_k1,0.0,1.0,0,0,B
y_s62_i16_j17_k2,0.0,1.0,0,0,B
y_s62_i17_j38_k0,0.0,1.0,0,0,B
y_s62_i17_j38_k1,0.0,1.0,0,0,B
y_s62_i17_j38_k2,0.0,1.0,0,0,B
y_s62_i18_j20_k0,0.0,1.0,0,0,B
y_s62_i18_j20_k1,0.0,1.0,0,0,B
y_s62_i18_j20_k2,0.0,1.0,0,0,B
y_s62_i19_j45_k0,0.0,1.0,0,0,B
y_s62_i19_j45_k1,0.0,1.0,0,0,B
y_s62_i19_j45_k2,0.0,1.0,0,0,B
y_s62_i20_j16_k0,0.0,1.0,0,0,B
y_s62_i20_j16_k1,0.0,1.0,0,0,B
y_s62_i20_j16_k2,0.0,1.0,0,0,B
y_s62_i21_j24_k0,0.0,1.0,0,0,B
y_s62_i21_j24_k1,0.0,1.0,0,0,B
y_s62_i21_j24_k2,0.0,1.0,0,0,B
y_s62_i22_j21_k0,0.0,1.0,0,0,B
y_s62_i22_j21_k1,0.0,1.0,0,0,B
y_s62_i22_j21_k2,0.0,1.0,0,0,B
y_s62_i23_j46_k0,0.0,1.0,0,0,B
y_s62_i23_j46_k1,0.0,1.0,0,0,B
y_s62_i23_j46_k2,0.0,1.0,0,0,B
y_s62_i24_j23_k0,0.0,1.0,0,0,B
y_s62_i24_j23_k1,0.0,1.0,0,0,B
y_s62_i24_j23_k2,0.0,1.0,0,0,B
y_s62_i25_j31_k0,0.0,1.0,0,0,B
y_s62_i25_j31_k1,0.0,1.0,0,0,B
y_s62_i25_j31_k2,0.0,1.0,0,0,B
y_s62_i26_j27_k0,0.0,1.0,0,0,B
y_s62_i26_j27_k1,0.0,1.0,0,0,B
y_s62_i26_j27_k2,0.0,1.0,0,0,B
y_s62_i27_j28_k0,0.0,1.0,0,0,B
y_s62_i27_j28_k1,0.0,1.0,0,0,B
y_s62_i27_j28_k2,0.0,1.0,0,0,B
y_s62_i28_j25_k0,0.0,1.0,0,0,B
y_s62_i28_j25_k1,0.0,1.0,0,0,B
y_s62_i28_j25_k2,0.0,1.0,0,0,B
y_s62_i29_j7_k0,0.0,1.0,0,0,B
y_s62_i29_j7_k1,0.0,1.0,0,0,B
y_s62_i29_j7_k2,0.0,1.0,0,0,B
y_s62_i30_j29_k0,0.0,1.0,0,0,B
y_s62_i30_j29_k1,0.0,1.0,0,0,B
y_s62_i30_j29_k2,0.0,1.0,0,0,B
y_s62_i31_j30_k0,0.0,1.0,0,0,B
y_s62_i31_j30_k1,0.0,1.0,0,0,B
y_s62_i31_j30_k2,0.0,1.0,0,0,B
y_s62_i32_j40_k0,0.0,1.0,0,0,B
y_s62_i32_j40_k1,0.0,1.0,0,0,B
y_s62_i32_j40_k2,0.0,1.0,0,0,B
y_s62_i33_j35_k0,0.0,1.0,0,0,B
y_s62_i33_j35_k1,0.0,1.0,0,0,B
y_s62_i33_j35_k2,0.0,1.0,0,0,B
y_s62_i34_j33_k0,0.0,1.0,0,0,B
y_s62_i34_j33_k1,0.0,1.0,0,0,B
y_s62_i34_j33_k2,0.0,1.0,0,0,B
y_s62_i35_j32_k0,0.0,1.0,0,0,B
y_s62_i35_j32_k1,0.0,1.0,0,0,B
y_s62_i35_j32_k2,0.0,1.0,0,0,B
y_s62_i36_j49_k0,0.0,1.0,0,0,B
y_s62_i36_j49_k1,0.0,1.0,0,0,B
y_s62_i36_j49_k2,0.0,1.0,0,0,B
y_s62_i37_j39_k0,0.0,1.0,0,0,B
y_s62_i37_j39_k1,0.0,1.0,0,0,B
y_s62_i37_j39_k2,0.0,1.0,0,0,B
y_s62_i38_j15_k0,0.0,1.0,0,0,B
y_s62_i38_j15_k1,0.0,1.0,0,0,B
y_s62_i38_j15_k2,0.0,1.0,0,0,B
y_s62_i39_j53_k0,0.0,1.0,0,0,B
y_s62_i39_j53_k1,0.0,1.0,0,0,B
y_s62_i39_j53_k2,0.0,1.0,0,0,B
y_s62_i40_j37_k0,0.0,1.0,0,0,B
y_s62_i40_j37_k1,0.0,1.0,0,0,B
y_s62_i40_j37_k2,0.0,1.0,0,0,B
y_s62_i41_j4_k0,0.0,1.0,0,0,B
y_s62_i41_j4_k1,0.0,1.0,0,0,B
y_s62_i41_j4_k2,0.0,1.0,0,0,B
y_s62_i42_j44_k0,0.0,1.0,0,0,B
y_s62_i42_j44_k1,0.0,1.0,0,0,B
y_s62_i42_j44_k2,0.0,1.0,0,0,B
y_s62_i43_j19_k0,0.0,1.0,0,0,B
y_s62_i43_j19_k1,0.0,1.0,0,0,B
y_s62_i43_j19_k2,0.0,1.0,0,0,B
y_s62_i44_j50_k0,0.0,1.0,0,0,B
y_s62_i44_j50_k1,0.0,1.0,0,0,B
y_s62_i44_j50_k2,0.0,1.0,0,0,B
y_s62_i45_j18_k0,0.0,1.0,0,0,B
y_s62_i45_j18_k1,0.0,1.0,0,0,B
y_s62_i45_j18_k2,0.0,1.0,0,0,B
y_s62_i46_j42_k0,0.0,1.0,0,0,B
y_s62_i46_j42_k1,0.0,1.0,0,0,B
y_s62_i46_j42_k2,0.0,1.0,0,0,B
y_s62_i47_j41_k0,0.0,1.0,0,0,B
y_s62_i47_j41_k1,0.0,1.0,0,0,B
y_s62_i47_j41_k2,0.0,1.0,0,0,B
y_s62_i48_j51_k0,0.0,1.0,0,0,B
y_s62_i48_j51_k1,0.0,1.0,0,0,B
y_s62_i48_j51_k2,0.0,1.0,0,0,B
y_s62_i49_j26_k0,0.0,1.0,0,0,B
y_s62_i49_j26_k1,0.0,1.0,0,0,B
y_s62_i49_j26_k2,0.0,1.0,0,0,B
y_s62_i50_j48_k0,0.0,1.0,0,0,B
y_s62_i50_j48_k1,0.0,1.0,0,0,B
y_s62_i50_j48_k2,0.0,1.0,0,0,B
y_s62_i51_j36_k0,0.0,1.0,0,0,B
y_s62_i51_j36_k1,0.0,1.0,0,0,B
y_s62_i51_j36_k2,0.0,1.0,0,0,B
y_s62_i52_j47_k0,0.0,1.0,0,0,B
y_s62_i52_j47_k1,0.0,1.0,0,0,B
y_s62_i52_j47_k2,0.0,1.0,0,0,B
y_s62_i53_j43_k0,0.0,1.0,0,0,B
y_s62_i53_j43_k1,0.0,1.0,0,0,B
y_s62_i53_j43_k2,0.0,1.0,0,0,B
y_s78_i0_j2_k0,0.0,1.0,0,0,B
y_s78_i0_j2_k1,0.0,1.0,0,0,B
y_s78_i0_j2_k2,0.0,1.0,0,0,B
y_s78_i1_j22_k0,0.0,1.0,0,0,B
y_s78_i1_j22_k1,0.0,1.0,0,0,B
y_s78_i1_j22_k2,0.0,1.0,0,0,B
y_s78_i2_j1_k0,0.0,1.0,0,0,B
y_s78_i2_j1_k1,0.0,1.0,0,0,B
y_s78_i2_j1_k2,0.0,1.0,0,0,B
y_s78_i3_j9_k0,0.0,1.0,0,0,B
y_s78_i3_j9_k1,0.0,1.0,0,0,B
y_s78_i3_j9_k2,0.0,1.0,0,0,B
y_s78_i4_j34_k0,0.0,1.0,0,0,B
y_s78_i4_j34_k1,0.0,1.0,0,0,B
y_s78_i4_j34_k2,0.0,1.0,0,0,B
y_s78_i5_j0_k0,0.0,1.0,0,0,B
y_s78_i5_j0_k1,0.0,1.0,0,0,B
y_s78_i5_j0_k2,0.0,1.0,0,0,B
y_s78_i6_j52_k0,0.0,1.0,0,0,B
y_s78_i6_j52_k1,0.0,1.0,0,0,B
y_s78_i6_j52_k2,0.0,1.0,0,0,B
y_s78_i7_j3_k0,0.0,1.0,0,0,B
y_s78_i7_j3_k1,0.0,1.0,0,0,B
y_s78_i7_j3_k2,0.0,1.0,0,0,B
y_s78_i8_j10_k0,0.0,1.0,0,0,B
y_s78_i8_j10_k1,0.0,1.0,0,0,B
y_s78_i8_j10_k2,0.0,1.0,0,0,B
y_s78_i9_j6_k0,0.0,1.0,0,0,B
y_s78_i9_j6_k1,0.0,1.0,0,0,B
y_s78_i9_j6_k2,0.0,1.0,0,0,B
y_s78_i10_j5_k0,0.0,1.0,0,0,B
y_s78_i10_j5_k1,0.0,1.0,0,0,B
y_s78_i10_j5_k2,0.0,1.0,0,0,B
y_s78_i11_j8_k0,0.0,1.0,0,0,B
y_s78_i11_j8_k1,0.0,1.0,0,0,B
y_s78_i11_j8_k2,0.0,1.0,0,0,B
y_s78_i12_j11_k0,0.0,1.0,0,0,B
y_s78_i12_j11_k1,0.0,1.0,0,0,B
y_s78_i12_j11_k2,0.0,1.0,0,0,B
y_s78_i13_j14_k0,0.0,1.0,0,0,B
y_s78_i13_j14_k1,0.0,1.0,0,0,B
y_s78_i13_j14_k2,0.0,1.0,0,0,B
y_s78_i14_j12_k0,0.0,1.0,0,0,B
y_s78_i14_j12_k1,0.0,1.0,0,0,B
y_s78_i14_j12_k2,0.0,1.0,0,0,B
y_s78_i15_j13_k0,0.0,1.0,0,0,B
y_s78_i15_j13_k1,0.0,1.0,0,0,B
y_s78_i15_j13_k2,0.0,1.0,0,0,B
y_s78_i16_j17_k0,0.0,1.0,0,0,B
y_s78_i16_j17_k1,0.0,1.0,0,0,B
y_s78_i16_j17_k2,0.0,1.0,0,0,B
y_s78_i17_j38_k0,0.0,1.0,0,0,B
y_s78_i17_j38_k1,0.0,1.0,0,0,B
y_s78_i17_j38_k2,0.0,1.0,0,0,B
y_s78_i18_j20_k0,0.0,1.0,0,0,B
y_s78_i18_j20_k1,0.0,1.0,0,0,B
y_s78_i18_j20_k2,0.0,1.0,0,0,B
y_s78_i19_j45_k0,0.0,1.0,0,0,B
y_s78_i19_j45_k1,0.0,1.0,0,0,B
y_s78_i19_j45_k2,0.0,1.0,0,0,B
y_s78_i20_j16_k0,0.0,1.0,0,0,B
y_s78_i20_j16_k1,0.0,1.0,0,0,B
y_s78_i20_j16_k2,0.0,1.0,0,0,B
y_s78_i21_j24_k0,0.0,1.0,0,0,B
y_s78_i21_j24_k1,0.0,1.0,0,0,B
y_s78_i21_j24_k2,0.0,1.0,0,0,B
y_s78_i22_j21_k0,0.0,1.0,0,0,B
y_s78_i22_j21_k1,0.0,1.0,0,0,B
y_s78_i22_j21_k2,0.0,1.0,0,0,B
y_s78_i23_j46_k0,0.0,1.0,0,0,B
y_s78_i23_j46_k1,0.0,1.0,0,0,B
y_s78_i23_j46_k2,0.0,1.0,0,0,B
y_s78_i24_j23_k0,0.0,1.0,0,0,B
y_s78_i24_j23_k1,0.0,1.0,0,0,B
y_s78_i24_j23_k2,0.0,1.0,0,0,B
y_s78_i25_j31_k0,0.0,1.0,0,0,B
y_s78_i25_j31_k1,0.0,1.0,0,0,B
y_s78_i25_j31_k2,0.0,1.0,0,0,B
y_s78_i26_j27_k0,0.0,1.0,0,0,B
y_s78_i26_j27_k1,0.0,1.0,0,0,B
y_s78_i26_j27_k2,0.0,1.0,0,0,B
y_s78_i27_j28_k0,0.0,1.0,0,0,B
y_s78_i27_j28_k1,0.0,1.0,0,0,B
y_s78_i27_j28_k2,0.0,1.0,0,0,B
y_s78_i28_j25_k0,0.0,1.0,0,0,B
y_s78_i28_j25_k1,0.0,1.0,0,0,B
y_s78_i28_j25_k2,0.0,1.0,0,0,B
y_s78_i29_j7_k0,0.0,1.0,0,0,B
y_s78_i29_j7_k1,0.0,1.0,0,0,B
y_s78_i29_j7_k2,0.0,1.0,0,0,B
y_s78_i30_j29_k0,0.0,1.0,0,0,B
y_s78_i30_j29_k1,0.0,1.0,0,0,B
y_s78_i30_j29_k2,0.0,1.0,0,0,B
y_s78_i31_j30_k0,0.0,1.0,0,0,B
y_s78_i31_j30_k1,0.0,1.0,0,0,B
y_s78_i31_j30_k2,0.0,1.0,0,0,B
y_s78_i32_j40_k0,0.0,1.0,0,0,B
y_s78_i32_j40_k1,0.0,1.0,0,0,B
y_s78_i32_j40_k2,0.0,1.0,0,0,B
y_s78_i33_j35_k0,0.0,1.0,0,0,B
y_s78_i33_j35_k1,0.0,1.0,0,0,B
y_s78_i33_j35_k2,0.0,1.0,0,0,B
y_s78_i34_j33_k0,0.0,1.0,0,0,B
y_s78_i34_j33_k1,0.0,1.0,0,0,B
y_s78_i34_j33_k2,0.0,1.0,0,0,B
y_s78_i35_j32_k0,0.0,1.0,0,0,B
y_s78_i35_j32_k1,0.0,1.0,0,0,B
y_s78_i35_j32_k2,0.0,1.0,0,0,B
y_s78_i36_j49_k0,0.0,1.0,0,0,B
y_s78_i36_j49_k1,0.0,1.0,0,0,B
y_s78_i36_j49_k2,0.0,1.0,0,0,B
y_s78_i37_j39_k0,0.0,1.0,0,0,B
y_s78_i37_j39_k1,0.0,1.0,0,0,B
y_s78_i37_j39_k2,0.0,1.0,0,0,B
y_s78_i38_j15_k0,0.0,1.0,0,0,B
y_s78_i38_j15_k1,0.0,1.0,0,0,B
y_s78_i38_j15_k2,0.0,1.0,0,0,B
y_s78_i39_j53_k0,0.0,1.0,0,0,B
y_s78_i39_j53_k1,0.0,1.0,0,0,B
y_s78_i39_j53_k2,0.0,1.0,0,0,B
y_s78_i40_j37_k0,0.0,1.0,0,0,B
y_s78_i40_j37_k1,0.0,1.0,0,0,B
y_s78_i40_j37_k2,0.0,1.0,0,0,B
y_s78_i41_j4_k0,0.0,1.0,0,0,B
y_s78_i41_j4_k1,0.0,1.0,0,0,B
y_s78_i41_j4_k2,0.0,1.0,0,0,B
y_s78_i42_j44_k0,0.0,1.0,0,0,B
y_s78_i42_j44_k1,0.0,1.0,0,0,B
y_s78_i42_j44_k2,0.0,1.0,0,0,B
y_s78_i43_j19_k0,0.0,1.0,0,0,B
y_s78_i43_j19_k1,0.0,1.0,0,0,B
y_s78_i43_j19_k2,0.0,1.0,0,0,B
y_s78_i44_j50_k0,0.0,1.0,0,0,B
y_s78_i44_j50_k1,0.0,1.0,0,0,B
y_s78_i44_j50_k2,0.0,1.0,0,0,B
y_s78_i45_j18_k0,0.0,1.0,0,0,B
y_s78_i45_j18_k1,0.0,1.0,0,0,B
y_s78_i45_j18_k2,0.0,1.0,0,0,B
y_s78_i46_j42_k0,0.0,1.0,0,0,B
y_s78_i46_j42_k1,0.0,1.0,0,0,B
y_s78_i46_j42_k2,0.0,1.0,0,0,B
y_s78_i47_j41_k0,0.0,1.0,0,0,B
y_s78_i47_j41_k1,0.0,1.0,0,0,B
y_s78_i47_j41_k2,0.0,1.0,0,0,B
y_s78_i48_j51_k0,0.0,1.0,0,0,B
y_s78_i48_j51_k1,0.0,1.0,0,0,B
y_s78_i48_j51_k2,0.0,1.0,0,0,B
y_s78_i49_j26_k0,0.0,1.0,0,0,B
y_s78_i49_j26_k1,0.0,1.0,0,0,B
y_s78_i49_j26_k2,0.0,1.0,0,0,B
y_s78_i50_j48_k0,0.0,1.0,0,0,B
y_s78_i50_j48_k1,0.0,1.0,0,0,B
y_s78_i50_j48_k2,0.0,1.0,0,0,B
y_s78_i51_j36_k0,0.0,1.0,0,0,B
y_s78_i51_j36_k1,0.0,1.0,0,0,B
y_s78_i51_j36_k2,0.0,1.0,0,0,B
y_s78_i52_j47_k0,0.0,1.0,0,0,B
y_s78_i52_j47_k1,0.0,1.0,0,0,B
y_s78_i52_j47_k2,0.0,1.0,0,0,B
y_s78_i53_j43_k0,0.0,1.0,0,0,B
y_s78_i53_j43_k1,0.0,1.0,0,0,B
y_s78_i53_j43_k2,0.0,1.0,0,0,B
y_s96_i0_j2_k0,0.0,1.0,0,0,B
y_s96_i0_j2_k1,0.0,1.0,0,0,B
y_s96_i0_j2_k2,0.0,1.0,0,0,B
y_s96_i1_j22_k0,0.0,1.0,0,0,B
y_s96_i1_j22_k1,0.0,1.0,0,0,B
y_s96_i1_j22_k2,0.0,1.0,0,0,B
y_s96_i2_j1_k0,0.0,1.0,0,0,B
y_s96_i2_j1_k1,0.0,1.0,0,0,B
y_s96_i2_j1_k2,0.0,1.0,0,0,B
y_s96_i3_j9_k0,0.0,1.0,0,0,B
y_s96_i3_j9_k1,0.0,1.0,0,0,B
y_s96_i3_j9_k2,0.0,1.0,0,0,B
y_s96_i4_j34_k0,0.0,1.0,0,0,B
y_s96_i4_j34_k1,0.0,1.0,0,0,B
y_s96_i4_j34_k2,0.0,1.0,0,0,B
y_s96_i5_j0_k0,0.0,1.0,0,0,B
y_s96_i5_j0_k1,0.0,1.0,0,0,B
y_s96_i5_j0_k2,0.0,1.0,0,0,B
y_s96_i6_j52_k0,0.0,1.0,0,0,B
y_s96_i6_j52_k1,0.0,1.0,0,0,B
y_s96_i6_j52_k2,0.0,1.0,0,0,B
y_s96_i7_j3_k0,0.0,1.0,0,0,B
y_s96_i7_j3_k1,0.0,1.0,0,0,B
y_s96_i7_j3_k2,0.0,1.0,0,0,B
y_s96_i8_j10_k0,0.0,1.0,0,0,B
y_s96_i8_j10_k1,0.0,1.0,0,0,B
y_s96_i8_j10_k2,0.0,1.0,0,0,B
y_s96_i9_j6_k0,0.0,1.0,0,0,B
y_s96_i9_j6_k1,0.0,1.0,0,0,B
y_s96_i9_j6_k2,0.0,1.0,0,0,B
y_s96_i10_j5_k0,0.0,1.0,0,0,B
y_s96_i10_j5_k1,0.0,1.0,0,0,B
y_s96_i10_j5_k2,0.0,1.0,0,0,B
y_s96_i11_j8_k0,0.0,1.0,0,0,B
y_s96_i11_j8_k1,0.0,1.0,0,0,B
y_s96_i11_j8_k2,0.0,1.0,0,0,B
y_s96_i12_j11_k0,0.0,1.0,0,0,B
y_s96_i12_j11_k1,0.0,1.0,0,0,B
y_s96_i12_j11_k2,0.0,1.0,0,0,B
y_s96_i13_j14_k0,0.0,1.0,0,0,B
y_s96_i13_j14_k1,0.0,1.0,0,0,B
y_s96_i13_j14_k2,0.0,1.0,0,0,B
y_s96_i14_j12_k0,0.0,1.0,0,0,B
y_s96_i14_j12_k1,0.0,1.0,0,0,B
y_s96_i14_j12_k2,0.0,1.0,0,0,B
y_s96_i15_j13_k0,0.0,1.0,0,0,B
y_s96_i15_j13_k1,0.0,1.0,0,0,B
y_s96_i15_j13_k2,0.0,1.0,0,0,B
y_s96_i16_j17_k0,0.0,1.0,0,0,B
y_s96_i16_j17_k1,0.0,1.0,0,0,B
y_s96_i16_j17_k2,0.0,1.0,0,0,B
y_s96_i17_j38_k0,0.0,1.0,0,0,B
y_s96_i17_j38_k1,0.0,1.0,0,0,B
y_s96_i17_j38_k2,0.0,1.0,0,0,B
y_s96_i18_j20_k0,0.0,1.0,0,0,B
y_s96_i18_j20_k1,0.0,1.0,0,0,B
y_s96_i18_j20_k2,0.0,1.0,0,0,B
y_s96_i19_j45_k0,0.0,1.0,0,0,B
y_s96_i19_j45_k1,0.0,1.0,0,0,B
y_s96_i19_j45_k2,0.0,1.0,0,0,B
y_s96_i20_j16_k0,0.0,1.0,0,0,B
y_s96_i20_j16_k1,0.0,1.0,0,0,B
y_s96_i20_j16_k2,0.0,1.0,0,0,B
y_s96_i21_j24_k0,0.0,1.0,0,0,B
y_s96_i21_j24_k1,0.0,1.0,0,0,B
y_s96_i21_j24_k2,0.0,1.0,0,0,B
y_s96_i22_j21_k0,0.0,1.0,0,0,B
y_s96_i22_j21_k1,0.0,1.0,0,0,B
y_s96_i22_j21_k2,0.0,1.0,0,0,B
y_s96_i23_j46_k0,0.0,1.0,0,0,B
y_s96_i23_j46_k1,0.0,1.0,0,0,B
y_s96_i23_j46_k2,0.0,1.0,0,0,B
y_s96_i24_j23_k0,0.0,1.0,0,0,B
y_s96_i24_j23_k1,0.0,1.0,0,0,B
y_s96_i24_j23_k2,0.0,1.0,0,0,B
y_s96_i25_j31_k0,0.0,1.0,0,0,B
y_s96_i25_j31_k1,0.0,1.0,0,0,B
y_s96_i25_j31_k2,0.0,1.0,0,0,B
y_s96_i26_j27_k0,0.0,1.0,0,0,B
y_s96_i26_j27_k1,0.0,1.0,0,0,B
y_s96_i26_j27_k2,0.0,1.0,0,0,B
y_s96_i27_j28_k0,0.0,1.0,0,0,B
y_s96_i27_j28_k1,0.0,1.0,0,0,B
y_s96_i27_j28_k2,0.0,1.0,0,0,B
y_s96_i28_j25_k0,0.0,1.0,0,0,B
y_s96_i28_j25_k1,0.0,1.0,0,0,B
y_s96_i28_j25_k2,0.0,1.0,0,0,B
y_s96_i29_j7_k0,0.0,1.0,0,0,B
y_s96_i29_j7_k1,0.0,1.0,0,0,B
y_s96_i29_j7_k2,0.0,1.0,0,0,B
y_s96_i30_j29_k0,0.0,1.0,0,0,B
y_s96_i30_j29_k1,0.0,1.0,0,0,B
y_s96_i30_j29_k2,0.0,1.0,0,0,B
y_s96_i31_j30_k0,0.0,1.0,0,0,B
y_s96_i31_j30_k1,0.0,1.0,0,0,B
y_s96_i31_j30_k2,0.0,1.0,0,0,B
y_s96_i32_j40_k0,0.0,1.0,0,0,B
y_s96_i32_j40_k1,0.0,1.0,0,0,B
y_s96_i32_j40_k2,0.0,1.0,0,0,B
y_s96_i33_j35_k0,0.0,1.0,0,0,B
y_s96_i33_j35_k1,0.0,1.0,0,0,B
y_s96_i33_j35_k2,0.0,1.0,0,0,B
y_s96_i34_j33_k0,0.0,1.0,0,0,B
y_s96_i34_j33_k1,0.0,1.0,0,0,B
y_s96_i34_j33_k2,0.0,1.0,0,0,B
y_s96_i35_j32_k0,0.0,1.0,0,0,B
y_s96_i35_j32_k1,0.0,1.0,0,0,B
y_s96_i35_j32_k2,0.0,1.0,0,0,B
y_s96_i36_j49_k0,0.0,1.0,0,0,B
y_s96_i36_j49_k1,0.0,1.0,0,0,B
y_s96_i36_j49_k2,0.0,1.0,0,0,B
y_s96_i37_j39_k0,0.0,1.0,0,0,B
y_s96_i37_j39_k1,0.0,1.0,0,0,B
y_s96_i37_j39_k2,0.0,1.0,0,0,B
y_s96_i38_j15_k0,0.0,1.0,0,0,B
y_s96_i38_j15_k1,0.0,1.0,0,0,B
y_s96_i38_j15_k2,0.0,1.0,0,0,B
y_s96_i39_j53_k0,0.0,1.0,0,0,B
y_s96_i39_j53_k1,0.0,1.0,0,0,B
y_s96_i39_j53_k2,0.0,1.0,0,0,B
y_s96_i40_j37_k0,0.0,1.0,0,0,B
y_s96_i40_j37_k1,0.0,1.0,0,0,B
y_s96_i40_j37_k2,0.0,1.0,0,0,B
y_s96_i41_j4_k0,0.0,1.0,0,0,B
y_s96_i41_j4_k1,0.0,1.0,0,0,B
y_s96_i41_j4_k2,0.0,1.0,0,0,B
y_s96_i42_j44_k0,0.0,1.0,0,0,B
y_s96_i42_j44_k1,0.0,1.0,0,0,B
y_s96_i42_j44_k2,0.0,1.0,0,0,B
y_s96_i43_j19_k0,0.0,1.0,0,0,B
y_s96_i43_j19_k1,0.0,1.0,0,0,B
y_s96_i43_j19_k2,0.0,1.0,0,0,B
y_s96_i44_j50_k0,0.0,1.0,0,0,B
y_s96_i44_j50_k1,0.0,1.0,0,0,B
y_s96_i44_j50_k2,0.0,1.0,0,0,B
y_s96_i45_j18_k0,0.0,1.0,0,0,B
y_s96_i45_j18_k1,0.0,1.0,0,0,B
y_s96_i45_j18_k2,0.0,1.0,0,0,B
y_s96_i46_j42_k0,0.0,1.0,0,0,B
y_s96_i46_j42_k1,0.0,1.0,0,0,B
y_s96_i46_j42_k2,0.0,1.0,0,0,B
y_s96_i47_j41_k0,0.0,1.0,0,0,B
y_s96_i47_j41_k1,0.0,1.0,0,0,B
y_s96_i47_j41_k2,0.0,1.0,0,0,B
y_s96_i48_j51_k0,0.0,1.0,0,0,B
y_s96_i48_j51_k1,0.0,1.0,0,0,B
y_s96_i48_j51_k2,0.0,1.0,0,0,B
y_s96_i49_j26_k0,0.0,1.0,0,0,B
y_s96_i49_j26_k1,0.0,1.0,0,0,B
y_s96_i49_j26_k2,0.0,1.0,0,0,B
y_s96_i50_j48_k0,0.0,1.0,0,0,B
y_s96_i50_j48_k1,0.0,1.0,0,0,B
y_s96_i50_j48_k2,0.0,1.0,0,0,B
y_s96_i51_j36_k0,0.0,1.0,0,0,B
y_s96_i51_j36_k1,0.0,1.0,0,0,B
y_s96_i51_j36_k2,0.0,1.0,0,0,B
y_s96_i52_j47_k0,0.0,1.0,0,0,B
y_s96_i52_j47_k1,0.0,1.0,0,0,B
y_s96_i52_j47_k2,0.0,1.0,0,0,B
y_s96_i53_j43_k0,0.0,1.0,0,0,B
y_s96_i53_j43_k1,0.0,1.0,0,0,B
y_s96_i53_j43_k2,0.0,1.0,0,0,B
y_s64_i0_j2_k0,0.0,1.0,0,0,B
y_s64_i0_j2_k1,0.0,1.0,0,0,B
y_s64_i0_j2_k2,0.0,1.0,0,0,B
y_s64_i1_j22_k0,0.0,1.0,0,0,B
y_s64_i1_j22_k1,0.0,1.0,0,0,B
y_s64_i1_j22_k2,0.0,1.0,0,0,B
y_s64_i2_j1_k0,0.0,1.0,0,0,B
y_s64_i2_j1_k1,0.0,1.0,0,0,B
y_s64_i2_j1_k2,0.0,1.0,0,0,B
y_s64_i3_j9_k0,0.0,1.0,0,0,B
y_s64_i3_j9_k1,0.0,1.0,0,0,B
y_s64_i3_j9_k2,0.0,1.0,0,0,B
y_s64_i4_j34_k0,0.0,1.0,0,0,B
y_s64_i4_j34_k1,0.0,1.0,0,0,B
y_s64_i4_j34_k2,0.0,1.0,0,0,B
y_s64_i5_j0_k0,0.0,1.0,0,0,B
y_s64_i5_j0_k1,0.0,1.0,0,0,B
y_s64_i5_j0_k2,0.0,1.0,0,0,B
y_s64_i6_j52_k0,0.0,1.0,0,0,B
y_s64_i6_j52_k1,0.0,1.0,0,0,B
y_s64_i6_j52_k2,0.0,1.0,0,0,B
y_s64_i7_j3_k0,0.0,1.0,0,0,B
y_s64_i7_j3_k1,0.0,1.0,0,0,B
y_s64_i7_j3_k2,0.0,1.0,0,0,B
y_s64_i8_j10_k0,0.0,1.0,0,0,B
y_s64_i8_j10_k1,0.0,1.0,0,0,B
y_s64_i8_j10_k2,0.0,1.0,0,0,B
y_s64_i9_j6_k0,0.0,1.0,0,0,B
y_s64_i9_j6_k1,0.0,1.0,0,0,B
y_s64_i9_j6_k2,0.0,1.0,0,0,B
y_s64_i10_j5_k0,0.0,1.0,0,0,B
y_s64_i10_j5_k1,0.0,1.0,0,0,B
y_s64_i10_j5_k2,0.0,1.0,0,0,B
y_s64_i11_j8_k0,0.0,1.0,0,0,B
y_s64_i11_j8_k1,0.0,1.0,0,0,B
y_s64_i11_j8_k2,0.0,1.0,0,0,B
y_s64_i12_j11_k0,0.0,1.0,0,0,B
y_s64_i12_j11_k1,0.0,1.0,0,0,B
y_s64_i12_j11_k2,0.0,1.0,0,0,B
y_s64_i13_j14_k0,0.0,1.0,0,0,B
y_s64_i13_j14_k1,0.0,1.0,0,0,B
y_s64_i13_j14_k2,0.0,1.0,0,0,B
y_s64_i14_j12_k0,0.0,1.0,0,0,B
y_s64_i14_j12_k1,0.0,1.0,0,0,B
y_s64_i14_j12_k2,0.0,1.0,0,0,B
y_s64_i15_j13_k0,0.0,1.0,0,0,B
y_s64_i15_j13_k1,0.0,1.0,0,0,B
y_s64_i15_j13_k2,0.0,1.0,0,0,B
y_s64_i16_j17_k0,0.0,1.0,0,0,B
y_s64_i16_j17_k1,0.0,1.0,0,0,B
y_s64_i16_j17_k2,0.0,1.0,0,0,B
y_s64_i17_j38_k0,0.0,1.0,0,0,B
y_s64_i17_j38_k1,0.0,1.0,0,0,B
y_s64_i17_j38_k2,0.0,1.0,0,0,B
y_s64_i18_j20_k0,0.0,1.0,0,0,B
y_s64_i18_j20_k1,0.0,1.0,0,0,B
y_s64_i18_j20_k2,0.0,1.0,0,0,B
y_s64_i19_j45_k0,0.0,1.0,0,0,B
y_s64_i19_j45_k1,0.0,1.0,0,0,B
y_s64_i19_j45_k2,0.0,1.0,0,0,B
y_s64_i20_j16_k0,0.0,1.0,0,0,B
y_s64_i20_j16_k1,0.0,1.0,0,0,B
y_s64_i20_j16_k2,0.0,1.0,0,0,B
y_s64_i21_j24_k0,0.0,1.0,0,0,B
y_s64_i21_j24_k1,0.0,1.0,0,0,B
y_s64_i21_j24_k2,0.0,1.0,0,0,B
y_s64_i22_j21_k0,0.0,1.0,0,0,B
y_s64_i22_j21_k1,0.0,1.0,0,0,B
y_s64_i22_j21_k2,0.0,1.0,0,0,B
y_s64_i23_j46_k0,0.0,1.0,0,0,B
y_s64_i23_j46_k1,0.0,1.0,0,0,B
y_s64_i23_j46_k2,0.0,1.0,0,0,B
y_s64_i24_j23_k0,0.0,1.0,0,0,B
y_s64_i24_j23_k1,0.0,1.0,0,0,B
y_s64_i24_j23_k2,0.0,1.0,0,0,B
y_s64_i25_j31_k0,0.0,1.0,0,0,B
y_s64_i25_j31_k1,0.0,1.0,0,0,B
y_s64_i25_j31_k2,0.0,1.0,0,0,B
y_s64_i26_j27_k0,0.0,1.0,0,0,B
y_s64_i26_j27_k1,0.0,1.0,0,0,B
y_s64_i26_j27_k2,0.0,1.0,0,0,B
y_s64_i27_j28_k0,0.0,1.0,0,0,B
y_s64_i27_j28_k1,0.0,1.0,0,0,B
y_s64_i27_j28_k2,0.0,1.0,0,0,B
y_s64_i28_j25_k0,0.0,1.0,0,0,B
y_s64_i28_j25_k1,0.0,1.0,0,0,B
y_s64_i28_j25_k2,0.0,1.0,0,0,B
y_s64_i29_j7_k0,0.0,1.0,0,0,B
y_s64_i29_j7_k1,0.0,1.0,0,0,B
y_s64_i29_j7_k2,0.0,1.0,0,0,B
y_s64_i30_j29_k0,0.0,1.0,0,0,B
y_s64_i30_j29_k1,0.0,1.0,0,0,B
y_s64_i30_j29_k2,0.0,1.0,0,0,B
y_s64_i31_j30_k0,0.0,1.0,0,0,B
y_s64_i31_j30_k1,0.0,1.0,0,0,B
y_s64_i31_j30_k2,0.0,1.0,0,0,B
y_s64_i32_j40_k0,0.0,1.0,0,0,B
y_s64_i32_j40_k1,0.0,1.0,0,0,B
y_s64_i32_j40_k2,0.0,1.0,0,0,B
y_s64_i33_j35_k0,0.0,1.0,0,0,B
y_s64_i33_j35_k1,0.0,1.0,0,0,B
y_s64_i33_j35_k2,0.0,1.0,0,0,B
y_s64_i34_j33_k0,0.0,1.0,0,0,B
y_s64_i34_j33_k1,0.0,1.0,0,0,B
y_s64_i34_j33_k2,0.0,1.0,0,0,B
y_s64_i35_j32_k0,0.0,1.0,0,0,B
y_s64_i35_j32_k1,0.0,1.0,0,0,B
y_s64_i35_j32_k2,0.0,1.0,0,0,B
y_s64_i36_j49_k0,0.0,1.0,0,0,B
y_s64_i36_j49_k1,0.0,1.0,0,0,B
y_s64_i36_j49_k2,0.0,1.0,0,0,B
y_s64_i37_j39_k0,0.0,1.0,0,0,B
y_s64_i37_j39_k1,0.0,1.0,0,0,B
y_s64_i37_j39_k2,0.0,1.0,0,0,B
y_s64_i38_j15_k0,0.0,1.0,0,0,B
y_s64_i38_j15_k1,0.0,1.0,0,0,B
y_s64_i38_j15_k2,0.0,1.0,0,0,B
y_s64_i39_j53_k0,0.0,1.0,0,0,B
y_s64_i39_j53_k1,0.0,1.0,0,0,B
y_s64_i39_j53_k2,0.0,1.0,0,0,B
y_s64_i40_j37_k0,0.0,1.0,0,0,B
y_s64_i40_j37_k1,0.0,1.0,0,0,B
y_s64_i40_j37_k2,0.0,1.0,0,0,B
y_s64_i41_j4_k0,0.0,1.0,0,0,B
y_s64_i41_j4_k1,0.0,1.0,0,0,B
y_s64_i41_j4_k2,0.0,1.0,0,0,B
y_s64_i42_j44_k0,0.0,1.0,0,0,B
y_s64_i42_j44_k1,0.0,1.0,0,0,B
y_s64_i42_j44_k2,0.0,1.0,0,0,B
y_s64_i43_j19_k0,0.0,1.0,0,0,B
y_s64_i43_j19_k1,0.0,1.0,0,0,B
y_s64_i43_j19_k2,0.0,1.0,0,0,B
y_s64_i44_j50_k0,0.0,1.0,0,0,B
y_s64_i44_j50_k1,0.0,1.0,0,0,B
y_s64_i44_j50_k2,0.0,1.0,0,0,B
y_s64_i45_j18_k0,0.0,1.0,0,0,B
y_s64_i45_j18_k1,0.0,1.0,0,0,B
y_s64_i45_j18_k2,0.0,1.0,0,0,B
y_s64_i46_j42_k0,0.0,1.0,0,0,B
y_s64_i46_j42_k1,0.0,1.0,0,0,B
y_s64_i46_j42_k2,0.0,1.0,0,0,B
y_s64_i47_j41_k0,0.0,1.0,0,0,B
y_s64_i47_j41_k1,0.0,1.0,0,0,B
y_s64_i47_j41_k2,0.0,1.0,0,0,B
y_s64_i48_j51_k0,0.0,1.0,0,0,B
y_s64_i48_j51_k1,0.0,1.0,0,0,B
y_s64_i48_j51_k2,0.0,1.0,0,0,B
y_s64_i49_j26_k0,0.0,1.0,0,0,B
y_s64_i49_j26_k1,0.0,1.0,0,0,B
y_s64_i49_j26_k2,0.0,1.0,0,0,B
y_s64_i50_j48_k0,0.0,1.0,0,0,B
y_s64_i50_j48_k1,0.0,1.0,0,0,B
y_s64_i50_j48_k2,0.0,1.0,0,0,B
y_s64_i51_j36_k0,0.0,1.0,0,0,B
y_s64_i51_j36_k1,0.0,1.0,0,0,B
y_s64_i51_j36_k2,0.0,1.0,0,0,B
y_s64_i52_j47_k0,0.0,1.0,0,0,B
y_s64_i52_j47_k1,0.0,1.0,0,0,B
y_s64_i52_j47_k2,0.0,1.0,0,0,B
y_s64_i53_j43_k0,0.0,1.0,0,0,B
y_s64_i53_j43_k1,0.0,1.0,0,0,B
y_s64_i53_j43_k2,0.0,1.0,0,0,B
y_s20_i0_j2_k0,0.0,1.0,0,0,B
y_s20_i0_j2_k1,0.0,1.0,0,0,B
y_s20_i0_j2_k2,0.0,1.0,0,0,B
y_s20_i1_j22_k0,0.0,1.0,0,0,B
y_s20_i1_j22_k1,0.0,1.0,0,0,B
y_s20_i1_j22_k2,0.0,1.0,0,0,B
y_s20_i2_j1_k0,0.0,1.0,0,0,B
y_s20_i2_j1_k1,0.0,1.0,0,0,B
y_s20_i2_j1_k2,0.0,1.0,0,0,B
y_s20_i3_j9_k0,0.0,1.0,0,0,B
y_s20_i3_j9_k1,0.0,1.0,0,0,B
y_s20_i3_j9_k2,0.0,1.0,0,0,B
y_s20_i4_j34_k0,0.0,1.0,0,0,B
y_s20_i4_j34_k1,0.0,1.0,0,0,B
y_s20_i4_j34_k2,0.0,1.0,0,0,B
y_s20_i5_j0_k0,0.0,1.0,0,0,B
y_s20_i5_j0_k1,0.0,1.0,0,0,B
y_s20_i5_j0_k2,0.0,1.0,0,0,B
y_s20_i6_j52_k0,0.0,1.0,0,0,B
y_s20_i6_j52_k1,0.0,1.0,0,0,B
y_s20_i6_j52_k2,0.0,1.0,0,0,B
y_s20_i7_j3_k0,0.0,1.0,0,0,B
y_s20_i7_j3_k1,0.0,1.0,0,0,B
y_s20_i7_j3_k2,0.0,1.0,0,0,B
y_s20_i8_j10_k0,0.0,1.0,0,0,B
y_s20_i8_j10_k1,0.0,1.0,0,0,B
y_s20_i8_j10_k2,0.0,1.0,0,0,B
y_s20_i9_j6_k0,0.0,1.0,0,0,B
y_s20_i9_j6_k1,0.0,1.0,0,0,B
y_s20_i9_j6_k2,0.0,1.0,0,0,B
y_s20_i10_j5_k0,0.0,1.0,0,0,B
y_s20_i10_j5_k1,0.0,1.0,0,0,B
y_s20_i10_j5_k2,0.0,1.0,0,0,B
y_s20_i11_j8_k0,0.0,1.0,0,0,B
y_s20_i11_j8_k1,0.0,1.0,0,0,B
y_s20_i11_j8_k2,0.0,1.0,0,0,B
y_s20_i12_j11_k0,0.0,1.0,0,0,B
y_s20_i12_j11_k1,0.0,1.0,0,0,B
y_s20_i12_j11_k2,0.0,1.0,0,0,B
y_s20_i13_j14_k0,0.0,1.0,0,0,B
y_s20_i13_j14_k1,0.0,1.0,0,0,B
y_s20_i13_j14_k2,0.0,1.0,0,0,B
y_s20_i14_j12_k0,0.0,1.0,0,0,B
y_s20_i14_j12_k1,0.0,1.0,0,0,B
y_s20_i14_j12_k2,0.0,1.0,0,0,B
y_s20_i15_j13_k0,0.0,1.0,0,0,B
y_s20_i15_j13_k1,0.0,1.0,0,0,B
y_s20_i15_j13_k2,0.0,1.0,0,0,B
y_s20_i16_j17_k0,0.0,1.0,0,0,B
y_s20_i16_j17_k1,0.0,1.0,0,0,B
y_s20_i16_j17_k2,0.0,1.0,0,0,B
y_s20_i17_j38_k0,0.0,1.0,0,0,B
y_s20_i17_j38_k1,0.0,1.0,0,0,B
y_s20_i17_j38_k2,0.0,1.0,0,0,B
y_s20_i18_j20_k0,0.0,1.0,0,0,B
y_s20_i18_j20_k1,0.0,1.0,0,0,B
y_s20_i18_j20_k2,0.0,1.0,0,0,B
y_s20_i19_j45_k0,0.0,1.0,0,0,B
y_s20_i19_j45_k1,0.0,1.0,0,0,B
y_s20_i19_j45_k2,0.0,1.0,0,0,B
y_s20_i20_j16_k0,0.0,1.0,0,0,B
y_s20_i20_j16_k1,0.0,1.0,0,0,B
y_s20_i20_j16_k2,0.0,1.0,0,0,B
y_s20_i21_j24_k0,0.0,1.0,0,0,B
y_s20_i21_j24_k1,0.0,1.0,0,0,B
y_s20_i21_j24_k2,0.0,1.0,0,0,B
y_s20_i22_j21_k0,0.0,1.0,0,0,B
y_s20_i22_j21_k1,0.0,1.0,0,0,B
y_s20_i22_j21_k2,0.0,1.0,0,0,B
y_s20_i23_j46_k0,0.0,1.0,0,0,B
y_s20_i23_j46_k1,0.0,1.0,0,0,B
y_s20_i23_j46_k2,0.0,1.0,0,0,B
y_s20_i24_j23_k0,0.0,1.0,0,0,B
y_s20_i24_j23_k1,0.0,1.0,0,0,B
y_s20_i24_j23_k2,0.0,1.0,0,0,B
y_s20_i25_j31_k0,0.0,1.0,0,0,B
y_s20_i25_j31_k1,0.0,1.0,0,0,B
y_s20_i25_j31_k2,0.0,1.0,0,0,B
y_s20_i26_j27_k0,0.0,1.0,0,0,B
y_s20_i26_j27_k1,0.0,1.0,0,0,B
y_s20_i26_j27_k2,0.0,1.0,0,0,B
y_s20_i27_j28_k0,0.0,1.0,0,0,B
y_s20_i27_j28_k1,0.0,1.0,0,0,B
y_s20_i27_j28_k2,0.0,1.0,0,0,B
y_s20_i28_j25_k0,0.0,1.0,0,0,B
y_s20_i28_j25_k1,0.0,1.0,0,0,B
y_s20_i28_j25_k2,0.0,1.0,0,0,B
y_s20_i29_j7_k0,0.0,1.0,0,0,B
y_s20_i29_j7_k1,0.0,1.0,0,0,B
y_s20_i29_j7_k2,0.0,1.0,0,0,B
y_s20_i30_j29_k0,0.0,1.0,0,0,B
y_s20_i30_j29_k1,0.0,1.0,0,0,B
y_s20_i30_j29_k2,0.0,1.0,0,0,B
y_s20_i31_j30_k0,0.0,1.0,0,0,B
y_s20_i31_j30_k1,0.0,1.0,0,0,B
y_s20_i31_j30_k2,0.0,1.0,0,0,B
y_s20_i32_j40_k0,0.0,1.0,0,0,B
y_s20_i32_j40_k1,0.0,1.0,0,0,B
y_s20_i32_j40_k2,0.0,1.0,0,0,B
y_s20_i33_j35_k0,0.0,1.0,0,0,B
y_s20_i33_j35_k1,0.0,1.0,0,0,B
y_s20_i33_j35_k2,0.0,1.0,0,0,B
y_s20_i34_j33_k0,0.0,1.0,0,0,B
y_s20_i34_j33_k1,0.0,1.0,0,0,B
y_s20_i34_j33_k2,0.0,1.0,0,0,B
y_s20_i35_j32_k0,0.0,1.0,0,0,B
y_s20_i35_j32_k1,0.0,1.0,0,0,B
y_s20_i35_j32_k2,0.0,1.0,0,0,B
y_s20_i36_j49_k0,0.0,1.0,0,0,B
y_s20_i36_j49_k1,0.0,1.0,0,0,B
y_s20_i36_j49_k2,0.0,1.0,0,0,B
y_s20_i37_j39_k0,0.0,1.0,0,0,B
y_s20_i37_j39_k1,0.0,1.0,0,0,B
y_s20_i37_j39_k2,0.0,1.0,0,0,B
y_s20_i38_j15_k0,0.0,1.0,0,0,B
y_s20_i38_j15_k1,0.0,1.0,0,0,B
y_s20_i38_j15_k2,0.0,1.0,0,0,B
y_s20_i39_j53_k0,0.0,1.0,0,0,B
y_s20_i39_j53_k1,0.0,1.0,0,0,B
y_s20_i39_j53_k2,0.0,1.0,0,0,B
y_s20_i40_j37_k0,0.0,1.0,0,0,B
y_s20_i40_j37_k1,0.0,1.0,0,0,B
y_s20_i40_j37_k2,0.0,1.0,0,0,B
y_s20_i41_j4_k0,0.0,1.0,0,0,B
y_s20_i41_j4_k1,0.0,1.0,0,0,B
y_s20_i41_j4_k2,0.0,1.0,0,0,B
y_s20_i42_j44_k0,0.0,1.0,0,0,B
y_s20_i42_j44_k1,0.0,1.0,0,0,B
y_s20_i42_j44_k2,0.0,1.0,0,0,B
y_s20_i43_j19_k0,0.0,1.0,0,0,B
y_s20_i43_j19_k1,0.0,1.0,0,0,B
y_s20_i43_j19_k2,0.0,1.0,0,0,B
y_s20_i44_j50_k0,0.0,1.0,0,0,B
y_s20_i44_j50_k1,0.0,1.0,0,0,B
y_s20_i44_j50_k2,0.0,1.0,0,0,B
y_s20_i45_j18_k0,0.0,1.0,0,0,B
y_s20_i45_j18_k1,0.0,1.0,0,0,B
y_s20_i45_j18_k2,0.0,1.0,0,0,B
y_s20_i46_j42_k0,0.0,1.0,0,0,B
y_s20_i46_j42_k1,0.0,1.0,0,0,B
y_s20_i46_j42_k2,0.0,1.0,0,0,B
y_s20_i47_j41_k0,0.0,1.0,0,0,B
y_s20_i47_j41_k1,0.0,1.0,0,0,B
y_s20_i47_j41_k2,0.0,1.0,0,0,B
y_s20_i48_j51_k0,0.0,1.0,0,0,B
y_s20_i48_j51_k1,0.0,1.0,0,0,B
y_s20_i48_j51_k2,0.0,1.0,0,0,B
y_s20_i49_j26_k0,0.0,1.0,0,0,B
y_s20_i49_j26_k1,0.0,1.0,0,0,B
y_s20_i49_j26_k2,0.0,1.0,0,0,B
y_s20_i50_j48_k0,0.0,1.0,0,0,B
y_s20_i50_j48_k1,0.0,1.0,0,0,B
y_s20_i50_j48_k2,0.0,1.0,0,0,B
y_s20_i51_j36_k0,0.0,1.0,0,0,B
y_s20_i51_j36_k1,0.0,1.0,0,0,B
y_s20_i51_j36_k2,0.0,1.0,0,0,B
y_s20_i52_j47_k0,0.0,1.0,0,0,B
y_s20_i52_j47_k1,0.0,1.0,0,0,B
y_s20_i52_j47_k2,0.0,1.0,0,0,B
y_s20_i53_j43_k0,0.0,1.0,0,0,B
y_s20_i53_j43_k1,0.0,1.0,0,0,B
y_s20_i53_j43_k2,0.0,1.0,0,0,B
y_s51_i0_j2_k0,0.0,1.0,0,0,B
y_s51_i0_j2_k1,0.0,1.0,0,0,B
y_s51_i0_j2_k2,0.0,1.0,0,0,B
y_s51_i1_j22_k0,0.0,1.0,0,0,B
y_s51_i1_j22_k1,0.0,1.0,0,0,B
y_s51_i1_j22_k2,0.0,1.0,0,0,B
y_s51_i2_j1_k0,0.0,1.0,0,0,B
y_s51_i2_j1_k1,0.0,1.0,0,0,B
y_s51_i2_j1_k2,0.0,1.0,0,0,B
y_s51_i3_j9_k0,0.0,1.0,0,0,B
y_s51_i3_j9_k1,0.0,1.0,0,0,B
y_s51_i3_j9_k2,0.0,1.0,0,0,B
y_s51_i4_j34_k0,0.0,1.0,0,0,B
y_s51_i4_j34_k1,0.0,1.0,0,0,B
y_s51_i4_j34_k2,0.0,1.0,0,0,B
y_s51_i5_j0_k0,0.0,1.0,0,0,B
y_s51_i5_j0_k1,0.0,1.0,0,0,B
y_s51_i5_j0_k2,0.0,1.0,0,0,B
y_s51_i6_j52_k0,0.0,1.0,0,0,B
y_s51_i6_j52_k1,0.0,1.0,0,0,B
y_s51_i6_j52_k2,0.0,1.0,0,0,B
y_s51_i7_j3_k0,0.0,1.0,0,0,B
y_s51_i7_j3_k1,0.0,1.0,0,0,B
y_s51_i7_j3_k2,0.0,1.0,0,0,B
y_s51_i8_j10_k0,0.0,1.0,0,0,B
y_s51_i8_j10_k1,0.0,1.0,0,0,B
y_s51_i8_j10_k2,0.0,1.0,0,0,B
y_s51_i9_j6_k0,0.0,1.0,0,0,B
y_s51_i9_j6_k1,0.0,1.0,0,0,B
y_s51_i9_j6_k2,0.0,1.0,0,0,B
y_s51_i10_j5_k0,0.0,1.0,0,0,B
y_s51_i10_j5_k1,0.0,1.0,0,0,B
y_s51_i10_j5_k2,0.0,1.0,0,0,B
y_s51_i11_j8_k0,0.0,1.0,0,0,B
y_s51_i11_j8_k1,0.0,1.0,0,0,B
y_s51_i11_j8_k2,0.0,1.0,0,0,B
y_s51_i12_j11_k0,0.0,1.0,0,0,B
y_s51_i12_j11_k1,0.0,1.0,0,0,B
y_s51_i12_j11_k2,0.0,1.0,0,0,B
y_s51_i13_j14_k0,0.0,1.0,0,0,B
y_s51_i13_j14_k1,0.0,1.0,0,0,B
y_s51_i13_j14_k2,0.0,1.0,0,0,B
y_s51_i14_j12_k0,0.0,1.0,0,0,B
y_s51_i14_j12_k1,0.0,1.0,0,0,B
y_s51_i14_j12_k2,0.0,1.0,0,0,B
y_s51_i15_j13_k0,0.0,1.0,0,0,B
y_s51_i15_j13_k1,0.0,1.0,0,0,B
y_s51_i15_j13_k2,0.0,1.0,0,0,B
y_s51_i16_j17_k0,0.0,1.0,0,0,B
y_s51_i16_j17_k1,0.0,1.0,0,0,B
y_s51_i16_j17_k2,0.0,1.0,0,0,B
y_s51_i17_j38_k0,0.0,1.0,0,0,B
y_s51_i17_j38_k1,0.0,1.0,0,0,B
y_s51_i17_j38_k2,0.0,1.0,0,0,B
y_s51_i18_j20_k0,0.0,1.0,0,0,B
y_s51_i18_j20_k1,0.0,1.0,0,0,B
y_s51_i18_j20_k2,0.0,1.0,0,0,B
y_s51_i19_j45_k0,0.0,1.0,0,0,B
y_s51_i19_j45_k1,0.0,1.0,0,0,B
y_s51_i19_j45_k2,0.0,1.0,0,0,B
y_s51_i20_j16_k0,0.0,1.0,0,0,B
y_s51_i20_j16_k1,0.0,1.0,0,0,B
y_s51_i20_j16_k2,0.0,1.0,0,0,B
y_s51_i21_j24_k0,0.0,1.0,0,0,B
y_s51_i21_j24_k1,0.0,1.0,0,0,B
y_s51_i21_j24_k2,0.0,1.0,0,0,B
y_s51_i22_j21_k0,0.0,1.0,0,0,B
y_s51_i22_j21_k1,0.0,1.0,0,0,B
y_s51_i22_j21_k2,0.0,1.0,0,0,B
y_s51_i23_j46_k0,0.0,1.0,0,0,B
y_s51_i23_j46_k1,0.0,1.0,0,0,B
y_s51_i23_j46_k2,0.0,1.0,0,0,B
y_s51_i24_j23_k0,0.0,1.0,0,0,B
y_s51_i24_j23_k1,0.0,1.0,0,0,B
y_s51_i24_j23_k2,0.0,1.0,0,0,B
y_s51_i25_j31_k0,0.0,1.0,0,0,B
y_s51_i25_j31_k1,0.0,1.0,0,0,B
y_s51_i25_j31_k2,0.0,1.0,0,0,B
y_s51_i26_j27_k0,0.0,1.0,0,0,B
y_s51_i26_j27_k1,0.0,1.0,0,0,B
y_s51_i26_j27_k2,0.0,1.0,0,0,B
y_s51_i27_j28_k0,0.0,1.0,0,0,B
y_s51_i27_j28_k1,0.0,1.0,0,0,B
y_s51_i27_j28_k2,0.0,1.0,0,0,B
y_s51_i28_j25_k0,0.0,1.0,0,0,B
y_s51_i28_j25_k1,0.0,1.0,0,0,B
y_s51_i28_j25_k2,0.0,1.0,0,0,B
y_s51_i29_j7_k0,0.0,1.0,0,0,B
y_s51_i29_j7_k1,0.0,1.0,0,0,B
y_s51_i29_j7_k2,0.0,1.0,0,0,B
y_s51_i30_j29_k0,0.0,1.0,0,0,B
y_s51_i30_j29_k1,0.0,1.0,0,0,B
y_s51_i30_j29_k2,0.0,1.0,0,0,B
y_s51_i31_j30_k0,0.0,1.0,0,0,B
y_s51_i31_j30_k1,0.0,1.0,0,0,B
y_s51_i31_j30_k2,0.0,1.0,0,0,B
y_s51_i32_j40_k0,0.0,1.0,0,0,B
y_s51_i32_j40_k1,0.0,1.0,0,0,B
y_s51_i32_j40_k2,0.0,1.0,0,0,B
y_s51_i33_j35_k0,0.0,1.0,0,0,B
y_s51_i33_j35_k1,0.0,1.0,0,0,B
y_s51_i33_j35_k2,0.0,1.0,0,0,B
y_s51_i34_j33_k0,0.0,1.0,0,0,B
y_s51_i34_j33_k1,0.0,1.0,0,0,B
y_s51_i34_j33_k2,0.0,1.0,0,0,B
y_s51_i35_j32_k0,0.0,1.0,0,0,B
y_s51_i35_j32_k1,0.0,1.0,0,0,B
y_s51_i35_j32_k2,0.0,1.0,0,0,B
y_s51_i36_j49_k0,0.0,1.0,0,0,B
y_s51_i36_j49_k1,0.0,1.0,0,0,B
y_s51_i36_j49_k2,0.0,1.0,0,0,B
y_s51_i37_j39_k0,0.0,1.0,0,0,B
y_s51_i37_j39_k1,0.0,1.0,0,0,B
y_s51_i37_j39_k2,0.0,1.0,0,0,B
y_s51_i38_j15_k0,0.0,1.0,0,0,B
y_s51_i38_j15_k1,0.0,1.0,0,0,B
y_s51_i38_j15_k2,0.0,1.0,0,0,B
y_s51_i39_j53_k0,0.0,1.0,0,0,B
y_s51_i39_j53_k1,0.0,1.0,0,0,B
y_s51_i39_j53_k2,0.0,1.0,0,0,B
y_s51_i40_j37_k0,0.0,1.0,0,0,B
y_s51_i40_j37_k1,0.0,1.0,0,0,B
y_s51_i40_j37_k2,0.0,1.0,0,0,B
y_s51_i41_j4_k0,0.0,1.0,0,0,B
y_s51_i41_j4_k1,0.0,1.0,0,0,B
y_s51_i41_j4_k2,0.0,1.0,0,0,B
y_s51_i42_j44_k0,0.0,1.0,0,0,B
y_s51_i42_j44_k1,0.0,1.0,0,0,B
y_s51_i42_j44_k2,0.0,1.0,0,0,B
y_s51_i43_j19_k0,0.0,1.0,0,0,B
y_s51_i43_j19_k1,0.0,1.0,0,0,B
y_s51_i43_j19_k2,0.0,1.0,0,0,B
y_s51_i44_j50_k0,0.0,1.0,0,0,B
y_s51_i44_j50_k1,0.0,1.0,0,0,B
y_s51_i44_j50_k2,0.0,1.0,0,0,B
y_s51_i45_j18_k0,0.0,1.0,0,0,B
y_s51_i45_j18_k1,0.0,1.0,0,0,B
y_s51_i45_j18_k2,0.0,1.0,0,0,B
y_s51_i46_j42_k0,0.0,1.0,0,0,B
y_s51_i46_j42_k1,0.0,1.0,0,0,B
y_s51_i46_j42_k2,0.0,1.0,0,0,B
y_s51_i47_j41_k0,0.0,1.0,0,0,B
y_s51_i47_j41_k1,0.0,1.0,0,0,B
y_s51_i47_j41_k2,0.0,1.0,0,0,B
y_s51_i48_j51_k0,0.0,1.0,0,0,B
y_s51_i48_j51_k1,0.0,1.0,0,0,B
y_s51_i48_j51_k2,0.0,1.0,0,0,B
y_s51_i49_j26_k0,0.0,1.0,0,0,B
y_s51_i49_j26_k1,0.0,1.0,0,0,B
y_s51_i49_j26_k2,0.0,1.0,0,0,B
y_s51_i50_j48_k0,0.0,1.0,0,0,B
y_s51_i50_j48_k1,0.0,1.0,0,0,B
y_s51_i50_j48_k2,0.0,1.0,0,0,B
y_s51_i51_j36_k0,0.0,1.0,0,0,B
y_s51_i51_j36_k1,0.0,1.0,0,0,B
y_s51_i51_j36_k2,0.0,1.0,0,0,B
y_s51_i52_j47_k0,0.0,1.0,0,0,B
y_s51_i52_j47_k1,0.0,1.0,0,0,B
y_s51_i52_j47_k2,0.0,1.0,0,0,B
y_s51_i53_j43_k0,0.0,1.0,0,0,B
y_s51_i53_j43_k1,0.0,1.0,0,0,B
y_s51_i53_j43_k2,0.0,1.0,0,0,B
y_s61_i0_j2_k0,0.0,1.0,0,0,B
y_s61_i0_j2_k1,0.0,1.0,0,0,B
y_s61_i0_j2_k2,0.0,1.0,0,0,B
y_s61_i1_j22_k0,0.0,1.0,0,0,B
y_s61_i1_j22_k1,0.0,1.0,0,0,B
y_s61_i1_j22_k2,0.0,1.0,0,0,B
y_s61_i2_j1_k0,0.0,1.0,0,0,B
y_s61_i2_j1_k1,0.0,1.0,0,0,B
y_s61_i2_j1_k2,0.0,1.0,0,0,B
y_s61_i3_j9_k0,0.0,1.0,0,0,B
y_s61_i3_j9_k1,0.0,1.0,0,0,B
y_s61_i3_j9_k2,0.0,1.0,0,0,B
y_s61_i4_j34_k0,0.0,1.0,0,0,B
y_s61_i4_j34_k1,0.0,1.0,0,0,B
y_s61_i4_j34_k2,0.0,1.0,0,0,B
y_s61_i5_j0_k0,0.0,1.0,0,0,B
y_s61_i5_j0_k1,0.0,1.0,0,0,B
y_s61_i5_j0_k2,0.0,1.0,0,0,B
y_s61_i6_j52_k0,0.0,1.0,0,0,B
y_s61_i6_j52_k1,0.0,1.0,0,0,B
y_s61_i6_j52_k2,0.0,1.0,0,0,B
y_s61_i7_j3_k0,0.0,1.0,0,0,B
y_s61_i7_j3_k1,0.0,1.0,0,0,B
y_s61_i7_j3_k2,0.0,1.0,0,0,B
y_s61_i8_j10_k0,0.0,1.0,0,0,B
y_s61_i8_j10_k1,0.0,1.0,0,0,B
y_s61_i8_j10_k2,0.0,1.0,0,0,B
y_s61_i9_j6_k0,0.0,1.0,0,0,B
y_s61_i9_j6_k1,0.0,1.0,0,0,B
y_s61_i9_j6_k2,0.0,1.0,0,0,B
y_s61_i10_j5_k0,0.0,1.0,0,0,B
y_s61_i10_j5_k1,0.0,1.0,0,0,B
y_s61_i10_j5_k2,0.0,1.0,0,0,B
y_s61_i11_j8_k0,0.0,1.0,0,0,B
y_s61_i11_j8_k1,0.0,1.0,0,0,B
y_s61_i11_j8_k2,0.0,1.0,0,0,B
y_s61_i12_j11_k0,0.0,1.0,0,0,B
y_s61_i12_j11_k1,0.0,1.0,0,0,B
y_s61_i12_j11_k2,0.0,1.0,0,0,B
y_s61_i13_j14_k0,0.0,1.0,0,0,B
y_s61_i13_j14_k1,0.0,1.0,0,0,B
y_s61_i13_j14_k2,0.0,1.0,0,0,B
y_s61_i14_j12_k0,0.0,1.0,0,0,B
y_s61_i14_j12_k1,0.0,1.0,0,0,B
y_s61_i14_j12_k2,0.0,1.0,0,0,B
y_s61_i15_j13_k0,0.0,1.0,0,0,B
y_s61_i15_j13_k1,0.0,1.0,0,0,B
y_s61_i15_j13_k2,0.0,1.0,0,0,B
y_s61_i16_j17_k0,0.0,1.0,0,0,B
y_s61_i16_j17_k1,0.0,1.0,0,0,B
y_s61_i16_j17_k2,0.0,1.0,0,0,B
y_s61_i17_j38_k0,0.0,1.0,0,0,B
y_s61_i17_j38_k1,0.0,1.0,0,0,B
y_s61_i17_j38_k2,0.0,1.0,0,0,B
y_s61_i18_j20_k0,0.0,1.0,0,0,B
y_s61_i18_j20_k1,0.0,1.0,0,0,B
y_s61_i18_j20_k2,0.0,1.0,0,0,B
y_s61_i19_j45_k0,0.0,1.0,0,0,B
y_s61_i19_j45_k1,0.0,1.0,0,0,B
y_s61_i19_j45_k2,0.0,1.0,0,0,B
y_s61_i20_j16_k0,0.0,1.0,0,0,B
y_s61_i20_j16_k1,0.0,1.0,0,0,B
y_s61_i20_j16_k2,0.0,1.0,0,0,B
y_s61_i21_j24_k0,0.0,1.0,0,0,B
y_s61_i21_j24_k1,0.0,1.0,0,0,B
y_s61_i21_j24_k2,0.0,1.0,0,0,B
y_s61_i22_j21_k0,0.0,1.0,0,0,B
y_s61_i22_j21_k1,0.0,1.0,0,0,B
y_s61_i22_j21_k2,0.0,1.0,0,0,B
y_s61_i23_j46_k0,0.0,1.0,0,0,B
y_s61_i23_j46_k1,0.0,1.0,0,0,B
y_s61_i23_j46_k2,0.0,1.0,0,0,B
y_s61_i24_j23_k0,0.0,1.0,0,0,B
y_s61_i24_j23_k1,0.0,1.0,0,0,B
y_s61_i24_j23_k2,0.0,1.0,0,0,B
y_s61_i25_j31_k0,0.0,1.0,0,0,B
y_s61_i25_j31_k1,0.0,1.0,0,0,B
y_s61_i25_j31_k2,0.0,1.0,0,0,B
y_s61_i26_j27_k0,0.0,1.0,0,0,B
y_s61_i26_j27_k1,0.0,1.0,0,0,B
y_s61_i26_j27_k2,0.0,1.0,0,0,B
y_s61_i27_j28_k0,0.0,1.0,0,0,B
y_s61_i27_j28_k1,0.0,1.0,0,0,B
y_s61_i27_j28_k2,0.0,1.0,0,0,B
y_s61_i28_j25_k0,0.0,1.0,0,0,B
y_s61_i28_j25_k1,0.0,1.0,0,0,B
y_s61_i28_j25_k2,0.0,1.0,0,0,B
y_s61_i29_j7_k0,0.0,1.0,0,0,B
y_s61_i29_j7_k1,0.0,1.0,0,0,B
y_s61_i29_j7_k2,0.0,1.0,0,0,B
y_s61_i30_j29_k0,0.0,1.0,0,0,B
y_s61_i30_j29_k1,0.0,1.0,0,0,B
y_s61_i30_j29_k2,0.0,1.0,0,0,B
y_s61_i31_j30_k0,0.0,1.0,0,0,B
y_s61_i31_j30_k1,0.0,1.0,0,0,B
y_s61_i31_j30_k2,0.0,1.0,0,0,B
y_s61_i32_j40_k0,0.0,1.0,0,0,B
y_s61_i32_j40_k1,0.0,1.0,0,0,B
y_s61_i32_j40_k2,0.0,1.0,0,0,B
y_s61_i33_j35_k0,0.0,1.0,0,0,B
y_s61_i33_j35_k1,0.0,1.0,0,0,B
y_s61_i33_j35_k2,0.0,1.0,0,0,B
y_s61_i34_j33_k0,0.0,1.0,0,0,B
y_s61_i34_j33_k1,0.0,1.0,0,0,B
y_s61_i34_j33_k2,0.0,1.0,0,0,B
y_s61_i35_j32_k0,0.0,1.0,0,0,B
y_s61_i35_j32_k1,0.0,1.0,0,0,B
y_s61_i35_j32_k2,0.0,1.0,0,0,B
y_s61_i36_j49_k0,0.0,1.0,0,0,B
y_s61_i36_j49_k1,0.0,1.0,0,0,B
y_s61_i36_j49_k2,0.0,1.0,0,0,B
y_s61_i37_j39_k0,0.0,1.0,0,0,B
y_s61_i37_j39_k1,0.0,1.0,0,0,B
y_s61_i37_j39_k2,0.0,1.0,0,0,B
y_s61_i38_j15_k0,0.0,1.0,0,0,B
y_s61_i38_j15_k1,0.0,1.0,0,0,B
y_s61_i38_j15_k2,0.0,1.0,0,0,B
y_s61_i39_j53_k0,0.0,1.0,0,0,B
y_s61_i39_j53_k1,0.0,1.0,0,0,B
y_s61_i39_j53_k2,0.0,1.0,0,0,B
y_s61_i40_j37_k0,0.0,1.0,0,0,B
y_s61_i40_j37_k1,0.0,1.0,0,0,B
y_s61_i40_j37_k2,0.0,1.0,0,0,B
y_s61_i41_j4_k0,0.0,1.0,0,0,B
y_s61_i41_j4_k1,0.0,1.0,0,0,B
y_s61_i41_j4_k2,0.0,1.0,0,0,B
y_s61_i42_j44_k0,0.0,1.0,0,0,B
y_s61_i42_j44_k1,0.0,1.0,0,0,B
y_s61_i42_j44_k2,0.0,1.0,0,0,B
y_s61_i43_j19_k0,0.0,1.0,0,0,B
y_s61_i43_j19_k1,0.0,1.0,0,0,B
y_s61_i43_j19_k2,0.0,1.0,0,0,B
y_s61_i44_j50_k0,0.0,1.0,0,0,B
y_s61_i44_j50_k1,0.0,1.0,0,0,B
y_s61_i44_j50_k2,0.0,1.0,0,0,B
y_s61_i45_j18_k0,0.0,1.0,0,0,B
y_s61_i45_j18_k1,0.0,1.0,0,0,B
y_s61_i45_j18_k2,0.0,1.0,0,0,B
y_s61_i46_j42_k0,0.0,1.0,0,0,B
y_s61_i46_j42_k1,0.0,1.0,0,0,B
y_s61_i46_j42_k2,0.0,1.0,0,0,B
y_s61_i47_j41_k0,0.0,1.0,0,0,B
y_s61_i47_j41_k1,0.0,1.0,0,0,B
y_s61_i47_j41_k2,0.0,1.0,0,0,B
y_s61_i48_j51_k0,0.0,1.0,0,0,B
y_s61_i48_j51_k1,0.0,1.0,0,0,B
y_s61_i48_j51_k2,0.0,1.0,0,0,B
y_s61_i49_j26_k0,0.0,1.0,0,0,B
y_s61_i49_j26_k1,0.0,1.0,0,0,B
y_s61_i49_j26_k2,0.0,1.0,0,0,B
y_s61_i50_j48_k0,0.0,1.0,0,0,B
y_s61_i50_j48_k1,0.0,1.0,0,0,B
y_s61_i50_j48_k2,0.0,1.0,0,0,B
y_s61_i51_j36_k0,0.0,1.0,0,0,B
y_s61_i51_j36_k1,0.0,1.0,0,0,B
y_s61_i51_j36_k2,0.0,1.0,0,0,B
y_s61_i52_j47_k0,0.0,1.0,0,0,B
y_s61_i52_j47_k1,0.0,1.0,0,0,B
y_s61_i52_j47_k2,0.0,1.0,0,0,B
y_s61_i53_j43_k0,0.0,1.0,0,0,B
y_s61_i53_j43_k1,0.0,1.0,0,0,B
y_s61_i53_j43_k2,0.0,1.0,0,0,B
y_s81_i0_j2_k0,0.0,1.0,0,0,B
y_s81_i0_j2_k1,0.0,1.0,0,0,B
y_s81_i0_j2_k2,0.0,1.0,0,0,B
y_s81_i1_j22_k0,0.0,1.0,0,0,B
y_s81_i1_j22_k1,0.0,1.0,0,0,B
y_s81_i1_j22_k2,0.0,1.0,0,0,B
y_s81_i2_j1_k0,0.0,1.0,0,0,B
y_s81_i2_j1_k1,0.0,1.0,0,0,B
y_s81_i2_j1_k2,0.0,1.0,0,0,B
y_s81_i3_j9_k0,0.0,1.0,0,0,B
y_s81_i3_j9_k1,0.0,1.0,0,0,B
y_s81_i3_j9_k2,0.0,1.0,0,0,B
y_s81_i4_j34_k0,0.0,1.0,0,0,B
y_s81_i4_j34_k1,0.0,1.0,0,0,B
y_s81_i4_j34_k2,0.0,1.0,0,0,B
y_s81_i5_j0_k0,0.0,1.0,0,0,B
y_s81_i5_j0_k1,0.0,1.0,0,0,B
y_s81_i5_j0_k2,0.0,1.0,0,0,B
y_s81_i6_j52_k0,0.0,1.0,0,0,B
y_s81_i6_j52_k1,0.0,1.0,0,0,B
y_s81_i6_j52_k2,0.0,1.0,0,0,B
y_s81_i7_j3_k0,0.0,1.0,0,0,B
y_s81_i7_j3_k1,0.0,1.0,0,0,B
y_s81_i7_j3_k2,0.0,1.0,0,0,B
y_s81_i8_j10_k0,0.0,1.0,0,0,B
y_s81_i8_j10_k1,0.0,1.0,0,0,B
y_s81_i8_j10_k2,0.0,1.0,0,0,B
y_s81_i9_j6_k0,0.0,1.0,0,0,B
y_s81_i9_j6_k1,0.0,1.0,0,0,B
y_s81_i9_j6_k2,0.0,1.0,0,0,B
y_s81_i10_j5_k0,0.0,1.0,0,0,B
y_s81_i10_j5_k1,0.0,1.0,0,0,B
y_s81_i10_j5_k2,0.0,1.0,0,0,B
y_s81_i11_j8_k0,0.0,1.0,0,0,B
y_s81_i11_j8_k1,0.0,1.0,0,0,B
y_s81_i11_j8_k2,0.0,1.0,0,0,B
y_s81_i12_j11_k0,0.0,1.0,0,0,B
y_s81_i12_j11_k1,0.0,1.0,0,0,B
y_s81_i12_j11_k2,0.0,1.0,0,0,B
y_s81_i13_j14_k0,0.0,1.0,0,0,B
y_s81_i13_j14_k1,0.0,1.0,0,0,B
y_s81_i13_j14_k2,0.0,1.0,0,0,B
y_s81_i14_j12_k0,0.0,1.0,0,0,B
y_s81_i14_j12_k1,0.0,1.0,0,0,B
y_s81_i14_j12_k2,0.0,1.0,0,0,B
y_s81_i15_j13_k0,0.0,1.0,0,0,B
y_s81_i15_j13_k1,0.0,1.0,0,0,B
y_s81_i15_j13_k2,0.0,1.0,0,0,B
y_s81_i16_j17_k0,0.0,1.0,0,0,B
y_s81_i16_j17_k1,0.0,1.0,0,0,B
y_s81_i16_j17_k2,0.0,1.0,0,0,B
y_s81_i17_j38_k0,0.0,1.0,0,0,B
y_s81_i17_j38_k1,0.0,1.0,0,0,B
y_s81_i17_j38_k2,0.0,1.0,0,0,B
y_s81_i18_j20_k0,0.0,1.0,0,0,B
y_s81_i18_j20_k1,0.0,1.0,0,0,B
y_s81_i18_j20_k2,0.0,1.0,0,0,B
y_s81_i19_j45_k0,0.0,1.0,0,0,B
y_s81_i19_j45_k1,0.0,1.0,0,0,B
y_s81_i19_j45_k2,0.0,1.0,0,0,B
y_s81_i20_j16_k0,0.0,1.0,0,0,B
y_s81_i20_j16_k1,0.0,1.0,0,0,B
y_s81_i20_j16_k2,0.0,1.0,0,0,B
y_s81_i21_j24_k0,0.0,1.0,0,0,B
y_s81_i21_j24_k1,0.0,1.0,0,0,B
y_s81_i21_j24_k2,0.0,1.0,0,0,B
y_s81_i22_j21_k0,0.0,1.0,0,0,B
y_s81_i22_j21_k1,0.0,1.0,0,0,B
y_s81_i22_j21_k2,0.0,1.0,0,0,B
y_s81_i23_j46_k0,0.0,1.0,0,0,B
y_s81_i23_j46_k1,0.0,1.0,0,0,B
y_s81_i23_j46_k2,0.0,1.0,0,0,B
y_s81_i24_j23_k0,0.0,1.0,0,0,B
y_s81_i24_j23_k1,0.0,1.0,0,0,B
y_s81_i24_j23_k2,0.0,1.0,0,0,B
y_s81_i25_j31_k0,0.0,1.0,0,0,B
y_s81_i25_j31_k1,0.0,1.0,0,0,B
y_s81_i25_j31_k2,0.0,1.0,0,0,B
y_s81_i26_j27_k0,0.0,1.0,0,0,B
y_s81_i26_j27_k1,0.0,1.0,0,0,B
y_s81_i26_j27_k2,0.0,1.0,0,0,B
y_s81_i27_j28_k0,0.0,1.0,0,0,B
y_s81_i27_j28_k1,0.0,1.0,0,0,B
y_s81_i27_j28_k2,0.0,1.0,0,0,B
y_s81_i28_j25_k0,0.0,1.0,0,0,B
y_s81_i28_j25_k1,0.0,1.0,0,0,B
y_s81_i28_j25_k2,0.0,1.0,0,0,B
y_s81_i29_j7_k0,0.0,1.0,0,0,B
y_s81_i29_j7_k1,0.0,1.0,0,0,B
y_s81_i29_j7_k2,0.0,1.0,0,0,B
y_s81_i30_j29_k0,0.0,1.0,0,0,B
y_s81_i30_j29_k1,0.0,1.0,0,0,B
y_s81_i30_j29_k2,0.0,1.0,0,0,B
y_s81_i31_j30_k0,0.0,1.0,0,0,B
y_s81_i31_j30_k1,0.0,1.0,0,0,B
y_s81_i31_j30_k2,0.0,1.0,0,0,B
y_s81_i32_j40_k0,0.0,1.0,0,0,B
y_s81_i32_j40_k1,0.0,1.0,0,0,B
y_s81_i32_j40_k2,0.0,1.0,0,0,B
y_s81_i33_j35_k0,0.0,1.0,0,0,B
y_s81_i33_j35_k1,0.0,1.0,0,0,B
y_s81_i33_j35_k2,0.0,1.0,0,0,B
y_s81_i34_j33_k0,0.0,1.0,0,0,B
y_s81_i34_j33_k1,0.0,1.0,0,0,B
y_s81_i34_j33_k2,0.0,1.0,0,0,B
y_s81_i35_j32_k0,0.0,1.0,0,0,B
y_s81_i35_j32_k1,0.0,1.0,0,0,B
y_s81_i35_j32_k2,0.0,1.0,0,0,B
y_s81_i36_j49_k0,0.0,1.0,0,0,B
y_s81_i36_j49_k1,0.0,1.0,0,0,B
y_s81_i36_j49_k2,0.0,1.0,0,0,B
y_s81_i37_j39_k0,0.0,1.0,0,0,B
y_s81_i37_j39_k1,0.0,1.0,0,0,B
y_s81_i37_j39_k2,0.0,1.0,0,0,B
y_s81_i38_j15_k0,0.0,1.0,0,0,B
y_s81_i38_j15_k1,0.0,1.0,0,0,B
y_s81_i38_j15_k2,0.0,1.0,0,0,B
y_s81_i39_j53_k0,0.0,1.0,0,0,B
y_s81_i39_j53_k1,0.0,1.0,0,0,B
y_s81_i39_j53_k2,0.0,1.0,0,0,B
y_s81_i40_j37_k0,0.0,1.0,0,0,B
y_s81_i40_j37_k1,0.0,1.0,0,0,B
y_s81_i40_j37_k2,0.0,1.0,0,0,B
y_s81_i41_j4_k0,0.0,1.0,0,0,B
y_s81_i41_j4_k1,0.0,1.0,0,0,B
y_s81_i41_j4_k2,0.0,1.0,0,0,B
y_s81_i42_j44_k0,0.0,1.0,0,0,B
y_s81_i42_j44_k1,0.0,1.0,0,0,B
y_s81_i42_j44_k2,0.0,1.0,0,0,B
y_s81_i43_j19_k0,0.0,1.0,0,0,B
y_s81_i43_j19_k1,0.0,1.0,0,0,B
y_s81_i43_j19_k2,0.0,1.0,0,0,B
y_s81_i44_j50_k0,0.0,1.0,0,0,B
y_s81_i44_j50_k1,0.0,1.0,0,0,B
y_s81_i44_j50_k2,0.0,1.0,0,0,B
y_s81_i45_j18_k0,0.0,1.0,0,0,B
y_s81_i45_j18_k1,0.0,1.0,0,0,B
y_s81_i45_j18_k2,0.0,1.0,0,0,B
y_s81_i46_j42_k0,0.0,1.0,0,0,B
y_s81_i46_j42_k1,0.0,1.0,0,0,B
y_s81_i46_j42_k2,0.0,1.0,0,0,B
y_s81_i47_j41_k0,0.0,1.0,0,0,B
y_s81_i47_j41_k1,0.0,1.0,0,0,B
y_s81_i47_j41_k2,0.0,1.0,0,0,B
y_s81_i48_j51_k0,0.0,1.0,0,0,B
y_s81_i48_j51_k1,0.0,1.0,0,0,B
y_s81_i48_j51_k2,0.0,1.0,0,0,B
y_s81_i49_j26_k0,0.0,1.0,0,0,B
y_s81_i49_j26_k1,0.0,1.0,0,0,B
y_s81_i49_j26_k2,0.0,1.0,0,0,B
y_s81_i50_j48_k0,0.0,1.0,0,0,B
y_s81_i50_j48_k1,0.0,1.0,0,0,B
y_s81_i50_j48_k2,0.0,1.0,0,0,B
y_s81_i51_j36_k0,0.0,1.0,0,0,B
y_s81_i51_j36_k1,0.0,1.0,0,0,B
y_s81_i51_j36_k2,0.0,1.0,0,0,B
y_s81_i52_j47_k0,0.0,1.0,0,0,B
y_s81_i52_j47_k1,0.0,1.0,0,0,B
y_s81_i52_j47_k2,0.0,1.0,0,0,B
y_s81_i53_j43_k0,0.0,1.0,0,0,B
y_s81_i53_j43_k1,0.0,1.0,0,0,B
y_s81_i53_j43_k2,0.0,1.0,0,0,B
y_s9_i0_j2_k0,0.0,1.0,0,0,B
y_s9_i0_j2_k1,0.0,1.0,0,0,B
y_s9_i0_j2_k2,0.0,1.0,0,0,B
y_s9_i1_j22_k0,0.0,1.0,0,0,B
y_s9_i1_j22_k1,0.0,1.0,0,0,B
y_s9_i1_j22_k2,0.0,1.0,0,0,B
y_s9_i2_j1_k0,0.0,1.0,0,0,B
y_s9_i2_j1_k1,0.0,1.0,0,0,B
y_s9_i2_j1_k2,0.0,1.0,0,0,B
y_s9_i3_j9_k0,0.0,1.0,0,0,B
y_s9_i3_j9_k1,0.0,1.0,0,0,B
y_s9_i3_j9_k2,0.0,1.0,0,0,B
y_s9_i4_j34_k0,0.0,1.0,0,0,B
y_s9_i4_j34_k1,0.0,1.0,0,0,B
y_s9_i4_j34_k2,0.0,1.0,0,0,B
y_s9_i5_j0_k0,0.0,1.0,0,0,B
y_s9_i5_j0_k1,0.0,1.0,0,0,B
y_s9_i5_j0_k2,0.0,1.0,0,0,B
y_s9_i6_j52_k0,0.0,1.0,0,0,B
y_s9_i6_j52_k1,0.0,1.0,0,0,B
y_s9_i6_j52_k2,0.0,1.0,0,0,B
y_s9_i7_j3_k0,0.0,1.0,0,0,B
y_s9_i7_j3_k1,0.0,1.0,0,0,B
y_s9_i7_j3_k2,0.0,1.0,0,0,B
y_s9_i8_j10_k0,0.0,1.0,0,0,B
y_s9_i8_j10_k1,0.0,1.0,0,0,B
y_s9_i8_j10_k2,0.0,1.0,0,0,B
y_s9_i9_j6_k0,0.0,1.0,0,0,B
y_s9_i9_j6_k1,0.0,1.0,0,0,B
y_s9_i9_j6_k2,0.0,1.0,0,0,B
y_s9_i10_j5_k0,0.0,1.0,0,0,B
y_s9_i10_j5_k1,0.0,1.0,0,0,B
y_s9_i10_j5_k2,0.0,1.0,0,0,B
y_s9_i11_j8_k0,0.0,1.0,0,0,B
y_s9_i11_j8_k1,0.0,1.0,0,0,B
y_s9_i11_j8_k2,0.0,1.0,0,0,B
y_s9_i12_j11_k0,0.0,1.0,0,0,B
y_s9_i12_j11_k1,0.0,1.0,0,0,B
y_s9_i12_j11_k2,0.0,1.0,0,0,B
y_s9_i13_j14_k0,0.0,1.0,0,0,B
y_s9_i13_j14_k1,0.0,1.0,0,0,B
y_s9_i13_j14_k2,0.0,1.0,0,0,B
y_s9_i14_j12_k0,0.0,1.0,0,0,B
y_s9_i14_j12_k1,0.0,1.0,0,0,B
y_s9_i14_j12_k2,0.0,1.0,0,0,B
y_s9_i15_j13_k0,0.0,1.0,0,0,B
y_s9_i15_j13_k1,0.0,1.0,0,0,B
y_s9_i15_j13_k2,0.0,1.0,0,0,B
y_s9_i16_j17_k0,0.0,1.0,0,0,B
y_s9_i16_j17_k1,0.0,1.0,0,0,B
y_s9_i16_j17_k2,0.0,1.0,0,0,B
y_s9_i17_j38_k0,0.0,1.0,0,0,B
y_s9_i17_j38_k1,0.0,1.0,0,0,B
y_s9_i17_j38_k2,0.0,1.0,0,0,B
y_s9_i18_j20_k0,0.0,1.0,0,0,B
y_s9_i18_j20_k1,0.0,1.0,0,0,B
y_s9_i18_j20_k2,0.0,1.0,0,0,B
y_s9_i19_j45_k0,0.0,1.0,0,0,B
y_s9_i19_j45_k1,0.0,1.0,0,0,B
y_s9_i19_j45_k2,0.0,1.0,0,0,B
y_s9_i20_j16_k0,0.0,1.0,0,0,B
y_s9_i20_j16_k1,0.0,1.0,0,0,B
y_s9_i20_j16_k2,0.0,1.0,0,0,B
y_s9_i21_j24_k0,0.0,1.0,0,0,B
y_s9_i21_j24_k1,0.0,1.0,0,0,B
y_s9_i21_j24_k2,0.0,1.0,0,0,B
y_s9_i22_j21_k0,0.0,1.0,0,0,B
y_s9_i22_j21_k1,0.0,1.0,0,0,B
y_s9_i22_j21_k2,0.0,1.0,0,0,B
y_s9_i23_j46_k0,0.0,1.0,0,0,B
y_s9_i23_j46_k1,0.0,1.0,0,0,B
y_s9_i23_j46_k2,0.0,1.0,0,0,B
y_s9_i24_j23_k0,0.0,1.0,0,0,B
y_s9_i24_j23_k1,0.0,1.0,0,0,B
y_s9_i24_j23_k2,0.0,1.0,0,0,B
y_s9_i25_j31_k0,0.0,1.0,0,0,B
y_s9_i25_j31_k1,0.0,1.0,0,0,B
y_s9_i25_j31_k2,0.0,1.0,0,0,B
y_s9_i26_j27_k0,0.0,1.0,0,0,B
y_s9_i26_j27_k1,0.0,1.0,0,0,B
y_s9_i26_j27_k2,0.0,1.0,0,0,B
y_s9_i27_j28_k0,0.0,1.0,0,0,B
y_s9_i27_j28_k1,0.0,1.0,0,0,B
y_s9_i27_j28_k2,0.0,1.0,0,0,B
y_s9_i28_j25_k0,0.0,1.0,0,0,B
y_s9_i28_j25_k1,0.0,1.0,0,0,B
y_s9_i28_j25_k2,0.0,1.0,0,0,B
y_s9_i29_j7_k0,0.0,1.0,0,0,B
y_s9_i29_j7_k1,0.0,1.0,0,0,B
y_s9_i29_j7_k2,0.0,1.0,0,0,B
y_s9_i30_j29_k0,0.0,1.0,0,0,B
y_s9_i30_j29_k1,0.0,1.0,0,0,B
y_s9_i30_j29_k2,0.0,1.0,0,0,B
y_s9_i31_j30_k0,0.0,1.0,0,0,B
y_s9_i31_j30_k1,0.0,1.0,0,0,B
y_s9_i31_j30_k2,0.0,1.0,0,0,B
y_s9_i32_j40_k0,0.0,1.0,0,0,B
y_s9_i32_j40_k1,0.0,1.0,0,0,B
y_s9_i32_j40_k2,0.0,1.0,0,0,B
y_s9_i33_j35_k0,0.0,1.0,0,0,B
y_s9_i33_j35_k1,0.0,1.0,0,0,B
y_s9_i33_j35_k2,0.0,1.0,0,0,B
y_s9_i34_j33_k0,0.0,1.0,0,0,B
y_s9_i34_j33_k1,0.0,1.0,0,0,B
y_s9_i34_j33_k2,0.0,1.0,0,0,B
y_s9_i35_j32_k0,0.0,1.0,0,0,B
y_s9_i35_j32_k1,0.0,1.0,0,0,B
y_s9_i35_j32_k2,0.0,1.0,0,0,B
y_s9_i36_j49_k0,0.0,1.0,0,0,B
y_s9_i36_j49_k1,0.0,1.0,0,0,B
y_s9_i36_j49_k2,0.0,1.0,0,0,B
y_s9_i37_j39_k0,0.0,1.0,0,0,B
y_s9_i37_j39_k1,0.0,1.0,0,0,B
y_s9_i37_j39_k2,0.0,1.0,0,0,B
y_s9_i38_j15_k0,0.0,1.0,0,0,B
y_s9_i38_j15_k1,0.0,1.0,0,0,B
y_s9_i38_j15_k2,0.0,1.0,0,0,B
y_s9_i39_j53_k0,0.0,1.0,0,0,B
y_s9_i39_j53_k1,0.0,1.0,0,0,B
y_s9_i39_j53_k2,0.0,1.0,0,0,B
y_s9_i40_j37_k0,0.0,1.0,0,0,B
y_s9_i40_j37_k1,0.0,1.0,0,0,B
y_s9_i40_j37_k2,0.0,1.0,0,0,B
y_s9_i41_j4_k0,0.0,1.0,0,0,B
y_s9_i41_j4_k1,0.0,1.0,0,0,B
y_s9_i41_j4_k2,0.0,1.0,0,0,B
y_s9_i42_j44_k0,0.0,1.0,0,0,B
y_s9_i42_j44_k1,0.0,1.0,0,0,B
y_s9_i42_j44_k2,0.0,1.0,0,0,B
y_s9_i43_j19_k0,0.0,1.0,0,0,B
y_s9_i43_j19_k1,0.0,1.0,0,0,B
y_s9_i43_j19_k2,0.0,1.0,0,0,B
y_s9_i44_j50_k0,0.0,1.0,0,0,B
y_s9_i44_j50_k1,0.0,1.0,0,0,B
y_s9_i44_j50_k2,0.0,1.0,0,0,B
y_s9_i45_j18_k0,0.0,1.0,0,0,B
y_s9_i45_j18_k1,0.0,1.0,0,0,B
y_s9_i45_j18_k2,0.0,1.0,0,0,B
y_s9_i46_j42_k0,0.0,1.0,0,0,B
y_s9_i46_j42_k1,0.0,1.0,0,0,B
y_s9_i46_j42_k2,0.0,1.0,0,0,B
y_s9_i47_j41_k0,0.0,1.0,0,0,B
y_s9_i47_j41_k1,0.0,1.0,0,0,B
y_s9_i47_j41_k2,0.0,1.0,0,0,B
y_s9_i48_j51_k0,0.0,1.0,0,0,B
y_s9_i48_j51_k1,0.0,1.0,0,0,B
y_s9_i48_j51_k2,0.0,1.0,0,0,B
y_s9_i49_j26_k0,0.0,1.0,0,0,B
y_s9_i49_j26_k1,0.0,1.0,0,0,B
y_s9_i49_j26_k2,0.0,1.0,0,0,B
y_s9_i50_j48_k0,0.0,1.0,0,0,B
y_s9_i50_j48_k1,0.0,1.0,0,0,B
y_s9_i50_j48_k2,0.0,1.0,0,0,B
y_s9_i51_j36_k0,0.0,1.0,0,0,B
y_s9_i51_j36_k1,0.0,1.0,0,0,B
y_s9_i51_j36_k2,0.0,1.0,0,0,B
y_s9_i52_j47_k0,0.0,1.0,0,0,B
y_s9_i52_j47_k1,0.0,1.0,0,0,B
y_s9_i52_j47_k2,0.0,1.0,0,0,B
y_s9_i53_j43_k0,0.0,1.0,0,0,B
y_s9_i53_j43_k1,0.0,1.0,0,0,B
y_s9_i53_j43_k2,0.0,1.0,0,0,B
y_s63_i0_j2_k0,0.0,1.0,0,0,B
y_s63_i0_j2_k1,0.0,1.0,0,0,B
y_s63_i0_j2_k2,0.0,1.0,0,0,B
y_s63_i1_j22_k0,0.0,1.0,0,0,B
y_s63_i1_j22_k1,0.0,1.0,0,0,B
y_s63_i1_j22_k2,0.0,1.0,0,0,B
y_s63_i2_j1_k0,0.0,1.0,0,0,B
y_s63_i2_j1_k1,0.0,1.0,0,0,B
y_s63_i2_j1_k2,0.0,1.0,0,0,B
y_s63_i3_j9_k0,0.0,1.0,0,0,B
y_s63_i3_j9_k1,0.0,1.0,0,0,B
y_s63_i3_j9_k2,0.0,1.0,0,0,B
y_s63_i4_j34_k0,0.0,1.0,0,0,B
y_s63_i4_j34_k1,0.0,1.0,0,0,B
y_s63_i4_j34_k2,0.0,1.0,0,0,B
y_s63_i5_j0_k0,0.0,1.0,0,0,B
y_s63_i5_j0_k1,0.0,1.0,0,0,B
y_s63_i5_j0_k2,0.0,1.0,0,0,B
y_s63_i6_j52_k0,0.0,1.0,0,0,B
y_s63_i6_j52_k1,0.0,1.0,0,0,B
y_s63_i6_j52_k2,0.0,1.0,0,0,B
y_s63_i7_j3_k0,0.0,1.0,0,0,B
y_s63_i7_j3_k1,0.0,1.0,0,0,B
y_s63_i7_j3_k2,0.0,1.0,0,0,B
y_s63_i8_j10_k0,0.0,1.0,0,0,B
y_s63_i8_j10_k1,0.0,1.0,0,0,B
y_s63_i8_j10_k2,0.0,1.0,0,0,B
y_s63_i9_j6_k0,0.0,1.0,0,0,B
y_s63_i9_j6_k1,0.0,1.0,0,0,B
y_s63_i9_j6_k2,0.0,1.0,0,0,B
y_s63_i10_j5_k0,0.0,1.0,0,0,B
y_s63_i10_j5_k1,0.0,1.0,0,0,B
y_s63_i10_j5_k2,0.0,1.0,0,0,B
y_s63_i11_j8_k0,0.0,1.0,0,0,B
y_s63_i11_j8_k1,0.0,1.0,0,0,B
y_s63_i11_j8_k2,0.0,1.0,0,0,B
y_s63_i12_j11_k0,0.0,1.0,0,0,B
y_s63_i12_j11_k1,0.0,1.0,0,0,B
y_s63_i12_j11_k2,0.0,1.0,0,0,B
y_s63_i13_j14_k0,0.0,1.0,0,0,B
y_s63_i13_j14_k1,0.0,1.0,0,0,B
y_s63_i13_j14_k2,0.0,1.0,0,0,B
y_s63_i14_j12_k0,0.0,1.0,0,0,B
y_s63_i14_j12_k1,0.0,1.0,0,0,B
y_s63_i14_j12_k2,0.0,1.0,0,0,B
y_s63_i15_j13_k0,0.0,1.0,0,0,B
y_s63_i15_j13_k1,0.0,1.0,0,0,B
y_s63_i15_j13_k2,0.0,1.0,0,0,B
y_s63_i16_j17_k0,0.0,1.0,0,0,B
y_s63_i16_j17_k1,0.0,1.0,0,0,B
y_s63_i16_j17_k2,0.0,1.0,0,0,B
y_s63_i17_j38_k0,0.0,1.0,0,0,B
y_s63_i17_j38_k1,0.0,1.0,0,0,B
y_s63_i17_j38_k2,0.0,1.0,0,0,B
y_s63_i18_j20_k0,0.0,1.0,0,0,B
y_s63_i18_j20_k1,0.0,1.0,0,0,B
y_s63_i18_j20_k2,0.0,1.0,0,0,B
y_s63_i19_j45_k0,0.0,1.0,0,0,B
y_s63_i19_j45_k1,0.0,1.0,0,0,B
y_s63_i19_j45_k2,0.0,1.0,0,0,B
y_s63_i20_j16_k0,0.0,1.0,0,0,B
y_s63_i20_j16_k1,0.0,1.0,0,0,B
y_s63_i20_j16_k2,0.0,1.0,0,0,B
y_s63_i21_j24_k0,0.0,1.0,0,0,B
y_s63_i21_j24_k1,0.0,1.0,0,0,B
y_s63_i21_j24_k2,0.0,1.0,0,0,B
y_s63_i22_j21_k0,0.0,1.0,0,0,B
y_s63_i22_j21_k1,0.0,1.0,0,0,B
y_s63_i22_j21_k2,0.0,1.0,0,0,B
y_s63_i23_j46_k0,0.0,1.0,0,0,B
y_s63_i23_j46_k1,0.0,1.0,0,0,B
y_s63_i23_j46_k2,0.0,1.0,0,0,B
y_s63_i24_j23_k0,0.0,1.0,0,0,B
y_s63_i24_j23_k1,0.0,1.0,0,0,B
y_s63_i24_j23_k2,0.0,1.0,0,0,B
y_s63_i25_j31_k0,0.0,1.0,0,0,B
y_s63_i25_j31_k1,0.0,1.0,0,0,B
y_s63_i25_j31_k2,0.0,1.0,0,0,B
y_s63_i26_j27_k0,0.0,1.0,0,0,B
y_s63_i26_j27_k1,0.0,1.0,0,0,B
y_s63_i26_j27_k2,0.0,1.0,0,0,B
y_s63_i27_j28_k0,0.0,1.0,0,0,B
y_s63_i27_j28_k1,0.0,1.0,0,0,B
y_s63_i27_j28_k2,0.0,1.0,0,0,B
y_s63_i28_j25_k0,0.0,1.0,0,0,B
y_s63_i28_j25_k1,0.0,1.0,0,0,B
y_s63_i28_j25_k2,0.0,1.0,0,0,B
y_s63_i29_j7_k0,0.0,1.0,0,0,B
y_s63_i29_j7_k1,0.0,1.0,0,0,B
y_s63_i29_j7_k2,0.0,1.0,0,0,B
y_s63_i30_j29_k0,0.0,1.0,0,0,B
y_s63_i30_j29_k1,0.0,1.0,0,0,B
y_s63_i30_j29_k2,0.0,1.0,0,0,B
y_s63_i31_j30_k0,0.0,1.0,0,0,B
y_s63_i31_j30_k1,0.0,1.0,0,0,B
y_s63_i31_j30_k2,0.0,1.0,0,0,B
y_s63_i32_j40_k0,0.0,1.0,0,0,B
y_s63_i32_j40_k1,0.0,1.0,0,0,B
y_s63_i32_j40_k2,0.0,1.0,0,0,B
y_s63_i33_j35_k0,0.0,1.0,0,0,B
y_s63_i33_j35_k1,0.0,1.0,0,0,B
y_s63_i33_j35_k2,0.0,1.0,0,0,B
y_s63_i34_j33_k0,0.0,1.0,0,0,B
y_s63_i34_j33_k1,0.0,1.0,0,0,B
y_s63_i34_j33_k2,0.0,1.0,0,0,B
y_s63_i35_j32_k0,0.0,1.0,0,0,B
y_s63_i35_j32_k1,0.0,1.0,0,0,B
y_s63_i35_j32_k2,0.0,1.0,0,0,B
y_s63_i36_j49_k0,0.0,1.0,0,0,B
y_s63_i36_j49_k1,0.0,1.0,0,0,B
y_s63_i36_j49_k2,0.0,1.0,0,0,B
y_s63_i37_j39_k0,0.0,1.0,0,0,B
y_s63_i37_j39_k1,0.0,1.0,0,0,B
y_s63_i37_j39_k2,0.0,1.0,0,0,B
y_s63_i38_j15_k0,0.0,1.0,0,0,B
y_s63_i38_j15_k1,0.0,1.0,0,0,B
y_s63_i38_j15_k2,0.0,1.0,0,0,B
y_s63_i39_j53_k0,0.0,1.0,0,0,B
y_s63_i39_j53_k1,0.0,1.0,0,0,B
y_s63_i39_j53_k2,0.0,1.0,0,0,B
y_s63_i40_j37_k0,0.0,1.0,0,0,B
y_s63_i40_j37_k1,0.0,1.0,0,0,B
y_s63_i40_j37_k2,0.0,1.0,0,0,B
y_s63_i41_j4_k0,0.0,1.0,0,0,B
y_s63_i41_j4_k1,0.0,1.0,0,0,B
y_s63_i41_j4_k2,0.0,1.0,0,0,B
y_s63_i42_j44_k0,0.0,1.0,0,0,B
y_s63_i42_j44_k1,0.0,1.0,0,0,B
y_s63_i42_j44_k2,0.0,1.0,0,0,B
y_s63_i43_j19_k0,0.0,1.0,0,0,B
y_s63_i43_j19_k1,0.0,1.0,0,0,B
y_s63_i43_j19_k2,0.0,1.0,0,0,B
y_s63_i44_j50_k0,0.0,1.0,0,0,B
y_s63_i44_j50_k1,0.0,1.0,0,0,B
y_s63_i44_j50_k2,0.0,1.0,0,0,B
y_s63_i45_j18_k0,0.0,1.0,0,0,B
y_s63_i45_j18_k1,0.0,1.0,0,0,B
y_s63_i45_j18_k2,0.0,1.0,0,0,B
y_s63_i46_j42_k0,0.0,1.0,0,0,B
y_s63_i46_j42_k1,0.0,1.0,0,0,B
y_s63_i46_j42_k2,0.0,1.0,0,0,B
y_s63_i47_j41_k0,0.0,1.0,0,0,B
y_s63_i47_j41_k1,0.0,1.0,0,0,B
y_s63_i47_j41_k2,0.0,1.0,0,0,B
y_s63_i48_j51_k0,0.0,1.0,0,0,B
y_s63_i48_j51_k1,0.0,1.0,0,0,B
y_s63_i48_j51_k2,0.0,1.0,0,0,B
y_s63_i49_j26_k0,0.0,1.0,0,0,B
y_s63_i49_j26_k1,0.0,1.0,0,0,B
y_s63_i49_j26_k2,0.0,1.0,0,0,B
y_s63_i50_j48_k0,0.0,1.0,0,0,B
y_s63_i50_j48_k1,0.0,1.0,0,0,B
y_s63_i50_j48_k2,0.0,1.0,0,0,B
y_s63_i51_j36_k0,0.0,1.0,0,0,B
y_s63_i51_j36_k1,0.0,1.0,0,0,B
y_s63_i51_j36_k2,0.0,1.0,0,0,B
y_s63_i52_j47_k0,0.0,1.0,0,0,B
y_s63_i52_j47_k1,0.0,1.0,0,0,B
y_s63_i52_j47_k2,0.0,1.0,0,0,B
y_s63_i53_j43_k0,0.0,1.0,0,0,B
y_s63_i53_j43_k1,0.0,1.0,0,0,B
y_s63_i53_j43_k2,0.0,1.0,0,0,B
y_s43_i0_j2_k0,0.0,1.0,0,0,B
y_s43_i0_j2_k1,0.0,1.0,0,0,B
y_s43_i0_j2_k2,0.0,1.0,0,0,B
y_s43_i1_j22_k0,0.0,1.0,0,0,B
y_s43_i1_j22_k1,0.0,1.0,0,0,B
y_s43_i1_j22_k2,0.0,1.0,0,0,B
y_s43_i2_j1_k0,0.0,1.0,0,0,B
y_s43_i2_j1_k1,0.0,1.0,0,0,B
y_s43_i2_j1_k2,0.0,1.0,0,0,B
y_s43_i3_j9_k0,0.0,1.0,0,0,B
y_s43_i3_j9_k1,0.0,1.0,0,0,B
y_s43_i3_j9_k2,0.0,1.0,0,0,B
y_s43_i4_j34_k0,0.0,1.0,0,0,B
y_s43_i4_j34_k1,0.0,1.0,0,0,B
y_s43_i4_j34_k2,0.0,1.0,0,0,B
y_s43_i5_j0_k0,0.0,1.0,0,0,B
y_s43_i5_j0_k1,0.0,1.0,0,0,B
y_s43_i5_j0_k2,0.0,1.0,0,0,B
y_s43_i6_j52_k0,0.0,1.0,0,0,B
y_s43_i6_j52_k1,0.0,1.0,0,0,B
y_s43_i6_j52_k2,0.0,1.0,0,0,B
y_s43_i7_j3_k0,0.0,1.0,0,0,B
y_s43_i7_j3_k1,0.0,1.0,0,0,B
y_s43_i7_j3_k2,0.0,1.0,0,0,B
y_s43_i8_j10_k0,0.0,1.0,0,0,B
y_s43_i8_j10_k1,0.0,1.0,0,0,B
y_s43_i8_j10_k2,0.0,1.0,0,0,B
y_s43_i9_j6_k0,0.0,1.0,0,0,B
y_s43_i9_j6_k1,0.0,1.0,0,0,B
y_s43_i9_j6_k2,0.0,1.0,0,0,B
y_s43_i10_j5_k0,0.0,1.0,0,0,B
y_s43_i10_j5_k1,0.0,1.0,0,0,B
y_s43_i10_j5_k2,0.0,1.0,0,0,B
y_s43_i11_j8_k0,0.0,1.0,0,0,B
y_s43_i11_j8_k1,0.0,1.0,0,0,B
y_s43_i11_j8_k2,0.0,1.0,0,0,B
y_s43_i12_j11_k0,0.0,1.0,0,0,B
y_s43_i12_j11_k1,0.0,1.0,0,0,B
y_s43_i12_j11_k2,0.0,1.0,0,0,B
y_s43_i13_j14_k0,0.0,1.0,0,0,B
y_s43_i13_j14_k1,0.0,1.0,0,0,B
y_s43_i13_j14_k2,0.0,1.0,0,0,B
y_s43_i14_j12_k0,0.0,1.0,0,0,B
y_s43_i14_j12_k1,0.0,1.0,0,0,B
y_s43_i14_j12_k2,0.0,1.0,0,0,B
y_s43_i15_j13_k0,0.0,1.0,0,0,B
y_s43_i15_j13_k1,0.0,1.0,0,0,B
y_s43_i15_j13_k2,0.0,1.0,0,0,B
y_s43_i16_j17_k0,0.0,1.0,0,0,B
y_s43_i16_j17_k1,0.0,1.0,0,0,B
y_s43_i16_j17_k2,0.0,1.0,0,0,B
y_s43_i17_j38_k0,0.0,1.0,0,0,B
y_s43_i17_j38_k1,0.0,1.0,0,0,B
y_s43_i17_j38_k2,0.0,1.0,0,0,B
y_s43_i18_j20_k0,0.0,1.0,0,0,B
y_s43_i18_j20_k1,0.0,1.0,0,0,B
y_s43_i18_j20_k2,0.0,1.0,0,0,B
y_s43_i19_j45_k0,0.0,1.0,0,0,B
y_s43_i19_j45_k1,0.0,1.0,0,0,B
y_s43_i19_j45_k2,0.0,1.0,0,0,B
y_s43_i20_j16_k0,0.0,1.0,0,0,B
y_s43_i20_j16_k1,0.0,1.0,0,0,B
y_s43_i20_j16_k2,0.0,1.0,0,0,B
y_s43_i21_j24_k0,0.0,1.0,0,0,B
y_s43_i21_j24_k1,0.0,1.0,0,0,B
y_s43_i21_j24_k2,0.0,1.0,0,0,B
y_s43_i22_j21_k0,0.0,1.0,0,0,B
y_s43_i22_j21_k1,0.0,1.0,0,0,B
y_s43_i22_j21_k2,0.0,1.0,0,0,B
y_s43_i23_j46_k0,0.0,1.0,0,0,B
y_s43_i23_j46_k1,0.0,1.0,0,0,B
y_s43_i23_j46_k2,0.0,1.0,0,0,B
y_s43_i24_j23_k0,0.0,1.0,0,0,B
y_s43_i24_j23_k1,0.0,1.0,0,0,B
y_s43_i24_j23_k2,0.0,1.0,0,0,B
y_s43_i25_j31_k0,0.0,1.0,0,0,B
y_s43_i25_j31_k1,0.0,1.0,0,0,B
y_s43_i25_j31_k2,0.0,1.0,0,0,B
y_s43_i26_j27_k0,0.0,1.0,0,0,B
y_s43_i26_j27_k1,0.0,1.0,0,0,B
y_s43_i26_j27_k2,0.0,1.0,0,0,B
y_s43_i27_j28_k0,0.0,1.0,0,0,B
y_s43_i27_j28_k1,0.0,1.0,0,0,B
y_s43_i27_j28_k2,0.0,1.0,0,0,B
y_s43_i28_j25_k0,0.0,1.0,0,0,B
y_s43_i28_j25_k1,0.0,1.0,0,0,B
y_s43_i28_j25_k2,0.0,1.0,0,0,B
y_s43_i29_j7_k0,0.0,1.0,0,0,B
y_s43_i29_j7_k1,0.0,1.0,0,0,B
y_s43_i29_j7_k2,0.0,1.0,0,0,B
y_s43_i30_j29_k0,0.0,1.0,0,0,B
y_s43_i30_j29_k1,0.0,1.0,0,0,B
y_s43_i30_j29_k2,0.0,1.0,0,0,B
y_s43_i31_j30_k0,0.0,1.0,0,0,B
y_s43_i31_j30_k1,0.0,1.0,0,0,B
y_s43_i31_j30_k2,0.0,1.0,0,0,B
y_s43_i32_j40_k0,0.0,1.0,0,0,B
y_s43_i32_j40_k1,0.0,1.0,0,0,B
y_s43_i32_j40_k2,0.0,1.0,0,0,B
y_s43_i33_j35_k0,0.0,1.0,0,0,B
y_s43_i33_j35_k1,0.0,1.0,0,0,B
y_s43_i33_j35_k2,0.0,1.0,0,0,B
y_s43_i34_j33_k0,0.0,1.0,0,0,B
y_s43_i34_j33_k1,0.0,1.0,0,0,B
y_s43_i34_j33_k2,0.0,1.0,0,0,B
y_s43_i35_j32_k0,0.0,1.0,0,0,B
y_s43_i35_j32_k1,0.0,1.0,0,0,B
y_s43_i35_j32_k2,0.0,1.0,0,0,B
y_s43_i36_j49_k0,0.0,1.0,0,0,B
y_s43_i36_j49_k1,0.0,1.0,0,0,B
y_s43_i36_j49_k2,0.0,1.0,0,0,B
y_s43_i37_j39_k0,0.0,1.0,0,0,B
y_s43_i37_j39_k1,0.0,1.0,0,0,B
y_s43_i37_j39_k2,0.0,1.0,0,0,B
y_s43_i38_j15_k0,0.0,1.0,0,0,B
y_s43_i38_j15_k1,0.0,1.0,0,0,B
y_s43_i38_j15_k2,0.0,1.0,0,0,B
y_s43_i39_j53_k0,0.0,1.0,0,0,B
y_s43_i39_j53_k1,0.0,1.0,0,0,B
y_s43_i39_j53_k2,0.0,1.0,0,0,B
y_s43_i40_j37_k0,0.0,1.0,0,0,B
y_s43_i40_j37_k1,0.0,1.0,0,0,B
y_s43_i40_j37_k2,0.0,1.0,0,0,B
y_s43_i41_j4_k0,0.0,1.0,0,0,B
y_s43_i41_j4_k1,0.0,1.0,0,0,B
y_s43_i41_j4_k2,0.0,1.0,0,0,B
y_s43_i42_j44_k0,0.0,1.0,0,0,B
y_s43_i42_j44_k1,0.0,1.0,0,0,B
y_s43_i42_j44_k2,0.0,1.0,0,0,B
y_s43_i43_j19_k0,0.0,1.0,0,0,B
y_s43_i43_j19_k1,0.0,1.0,0,0,B
y_s43_i43_j19_k2,0.0,1.0,0,0,B
y_s43_i44_j50_k0,0.0,1.0,0,0,B
y_s43_i44_j50_k1,0.0,1.0,0,0,B
y_s43_i44_j50_k2,0.0,1.0,0,0,B
y_s43_i45_j18_k0,0.0,1.0,0,0,B
y_s43_i45_j18_k1,0.0,1.0,0,0,B
y_s43_i45_j18_k2,0.0,1.0,0,0,B
y_s43_i46_j42_k0,0.0,1.0,0,0,B
y_s43_i46_j42_k1,0.0,1.0,0,0,B
y_s43_i46_j42_k2,0.0,1.0,0,0,B
y_s43_i47_j41_k0,0.0,1.0,0,0,B
y_s43_i47_j41_k1,0.0,1.0,0,0,B
y_s43_i47_j41_k2,0.0,1.0,0,0,B
y_s43_i48_j51_k0,0.0,1.0,0,0,B
y_s43_i48_j51_k1,0.0,1.0,0,0,B
y_s43_i48_j51_k2,0.0,1.0,0,0,B
y_s43_i49_j26_k0,0.0,1.0,0,0,B
y_s43_i49_j26_k1,0.0,1.0,0,0,B
y_s43_i49_j26_k2,0.0,1.0,0,0,B
y_s43_i50_j48_k0,0.0,1.0,0,0,B
y_s43_i50_j48_k1,0.0,1.0,0,0,B
y_s43_i50_j48_k2,0.0,1.0,0,0,B
y_s43_i51_j36_k0,0.0,1.0,0,0,B
y_s43_i51_j36_k1,0.0,1.0,0,0,B
y_s43_i51_j36_k2,0.0,1.0,0,0,B
y_s43_i52_j47_k0,0.0,1.0,0,0,B
y_s43_i52_j47_k1,0.0,1.0,0,0,B
y_s43_i52_j47_k2,0.0,1.0,0,0,B
y_s43_i53_j43_k0,0.0,1.0,0,0,B
y_s43_i53_j43_k1,0.0,1.0,0,0,B
y_s43_i53_j43_k2,0.0,1.0,0,0,B
y_s72_i0_j2_k0,0.0,1.0,0,0,B
y_s72_i0_j2_k1,0.0,1.0,0,0,B
y_s72_i0_j2_k2,0.0,1.0,0,0,B
y_s72_i1_j22_k0,0.0,1.0,0,0,B
y_s72_i1_j22_k1,0.0,1.0,0,0,B
y_s72_i1_j22_k2,0.0,1.0,0,0,B
y_s72_i2_j1_k0,0.0,1.0,0,0,B
y_s72_i2_j1_k1,0.0,1.0,0,0,B
y_s72_i2_j1_k2,0.0,1.0,0,0,B
y_s72_i3_j9_k0,0.0,1.0,0,0,B
y_s72_i3_j9_k1,0.0,1.0,0,0,B
y_s72_i3_j9_k2,0.0,1.0,0,0,B
y_s72_i4_j34_k0,0.0,1.0,0,0,B
y_s72_i4_j34_k1,0.0,1.0,0,0,B
y_s72_i4_j34_k2,0.0,1.0,0,0,B
y_s72_i5_j0_k0,0.0,1.0,0,0,B
y_s72_i5_j0_k1,0.0,1.0,0,0,B
y_s72_i5_j0_k2,0.0,1.0,0,0,B
y_s72_i6_j52_k0,0.0,1.0,0,0,B
y_s72_i6_j52_k1,0.0,1.0,0,0,B
y_s72_i6_j52_k2,0.0,1.0,0,0,B
y_s72_i7_j3_k0,0.0,1.0,0,0,B
y_s72_i7_j3_k1,0.0,1.0,0,0,B
y_s72_i7_j3_k2,0.0,1.0,0,0,B
y_s72_i8_j10_k0,0.0,1.0,0,0,B
y_s72_i8_j10_k1,0.0,1.0,0,0,B
y_s72_i8_j10_k2,0.0,1.0,0,0,B
y_s72_i9_j6_k0,0.0,1.0,0,0,B
y_s72_i9_j6_k1,0.0,1.0,0,0,B
y_s72_i9_j6_k2,0.0,1.0,0,0,B
y_s72_i10_j5_k0,0.0,1.0,0,0,B
y_s72_i10_j5_k1,0.0,1.0,0,0,B
y_s72_i10_j5_k2,0.0,1.0,0,0,B
y_s72_i11_j8_k0,0.0,1.0,0,0,B
y_s72_i11_j8_k1,0.0,1.0,0,0,B
y_s72_i11_j8_k2,0.0,1.0,0,0,B
y_s72_i12_j11_k0,0.0,1.0,0,0,B
y_s72_i12_j11_k1,0.0,1.0,0,0,B
y_s72_i12_j11_k2,0.0,1.0,0,0,B
y_s72_i13_j14_k0,0.0,1.0,0,0,B
y_s72_i13_j14_k1,0.0,1.0,0,0,B
y_s72_i13_j14_k2,0.0,1.0,0,0,B
y_s72_i14_j12_k0,0.0,1.0,0,0,B
y_s72_i14_j12_k1,0.0,1.0,0,0,B
y_s72_i14_j12_k2,0.0,1.0,0,0,B
y_s72_i15_j13_k0,0.0,1.0,0,0,B
y_s72_i15_j13_k1,0.0,1.0,0,0,B
y_s72_i15_j13_k2,0.0,1.0,0,0,B
y_s72_i16_j17_k0,0.0,1.0,0,0,B
y_s72_i16_j17_k1,0.0,1.0,0,0,B
y_s72_i16_j17_k2,0.0,1.0,0,0,B
y_s72_i17_j38_k0,0.0,1.0,0,0,B
y_s72_i17_j38_k1,0.0,1.0,0,0,B
y_s72_i17_j38_k2,0.0,1.0,0,0,B
y_s72_i18_j20_k0,0.0,1.0,0,0,B
y_s72_i18_j20_k1,0.0,1.0,0,0,B
y_s72_i18_j20_k2,0.0,1.0,0,0,B
y_s72_i19_j45_k0,0.0,1.0,0,0,B
y_s72_i19_j45_k1,0.0,1.0,0,0,B
y_s72_i19_j45_k2,0.0,1.0,0,0,B
y_s72_i20_j16_k0,0.0,1.0,0,0,B
y_s72_i20_j16_k1,0.0,1.0,0,0,B
y_s72_i20_j16_k2,0.0,1.0,0,0,B
y_s72_i21_j24_k0,0.0,1.0,0,0,B
y_s72_i21_j24_k1,0.0,1.0,0,0,B
y_s72_i21_j24_k2,0.0,1.0,0,0,B
y_s72_i22_j21_k0,0.0,1.0,0,0,B
y_s72_i22_j21_k1,0.0,1.0,0,0,B
y_s72_i22_j21_k2,0.0,1.0,0,0,B
y_s72_i23_j46_k0,0.0,1.0,0,0,B
y_s72_i23_j46_k1,0.0,1.0,0,0,B
y_s72_i23_j46_k2,0.0,1.0,0,0,B
y_s72_i24_j23_k0,0.0,1.0,0,0,B
y_s72_i24_j23_k1,0.0,1.0,0,0,B
y_s72_i24_j23_k2,0.0,1.0,0,0,B
y_s72_i25_j31_k0,0.0,1.0,0,0,B
y_s72_i25_j31_k1,0.0,1.0,0,0,B
y_s72_i25_j31_k2,0.0,1.0,0,0,B
y_s72_i26_j27_k0,0.0,1.0,0,0,B
y_s72_i26_j27_k1,0.0,1.0,0,0,B
y_s72_i26_j27_k2,0.0,1.0,0,0,B
y_s72_i27_j28_k0,0.0,1.0,0,0,B
y_s72_i27_j28_k1,0.0,1.0,0,0,B
y_s72_i27_j28_k2,0.0,1.0,0,0,B
y_s72_i28_j25_k0,0.0,1.0,0,0,B
y_s72_i28_j25_k1,0.0,1.0,0,0,B
y_s72_i28_j25_k2,0.0,1.0,0,0,B
y_s72_i29_j7_k0,0.0,1.0,0,0,B
y_s72_i29_j7_k1,0.0,1.0,0,0,B
y_s72_i29_j7_k2,0.0,1.0,0,0,B
y_s72_i30_j29_k0,0.0,1.0,0,0,B
y_s72_i30_j29_k1,0.0,1.0,0,0,B
y_s72_i30_j29_k2,0.0,1.0,0,0,B
y_s72_i31_j30_k0,0.0,1.0,0,0,B
y_s72_i31_j30_k1,0.0,1.0,0,0,B
y_s72_i31_j30_k2,0.0,1.0,0,0,B
y_s72_i32_j40_k0,0.0,1.0,0,0,B
y_s72_i32_j40_k1,0.0,1.0,0,0,B
y_s72_i32_j40_k2,0.0,1.0,0,0,B
y_s72_i33_j35_k0,0.0,1.0,0,0,B
y_s72_i33_j35_k1,0.0,1.0,0,0,B
y_s72_i33_j35_k2,0.0,1.0,0,0,B
y_s72_i34_j33_k0,0.0,1.0,0,0,B
y_s72_i34_j33_k1,0.0,1.0,0,0,B
y_s72_i34_j33_k2,0.0,1.0,0,0,B
y_s72_i35_j32_k0,0.0,1.0,0,0,B
y_s72_i35_j32_k1,0.0,1.0,0,0,B
y_s72_i35_j32_k2,0.0,1.0,0,0,B
y_s72_i36_j49_k0,0.0,1.0,0,0,B
y_s72_i36_j49_k1,0.0,1.0,0,0,B
y_s72_i36_j49_k2,0.0,1.0,0,0,B
y_s72_i37_j39_k0,0.0,1.0,0,0,B
y_s72_i37_j39_k1,0.0,1.0,0,0,B
y_s72_i37_j39_k2,0.0,1.0,0,0,B
y_s72_i38_j15_k0,0.0,1.0,0,0,B
y_s72_i38_j15_k1,0.0,1.0,0,0,B
y_s72_i38_j15_k2,0.0,1.0,0,0,B
y_s72_i39_j53_k0,0.0,1.0,0,0,B
y_s72_i39_j53_k1,0.0,1.0,0,0,B
y_s72_i39_j53_k2,0.0,1.0,0,0,B
y_s72_i40_j37_k0,0.0,1.0,0,0,B
y_s72_i40_j37_k1,0.0,1.0,0,0,B
y_s72_i40_j37_k2,0.0,1.0,0,0,B
y_s72_i41_j4_k0,0.0,1.0,0,0,B
y_s72_i41_j4_k1,0.0,1.0,0,0,B
y_s72_i41_j4_k2,0.0,1.0,0,0,B
y_s72_i42_j44_k0,0.0,1.0,0,0,B
y_s72_i42_j44_k1,0.0,1.0,0,0,B
y_s72_i42_j44_k2,0.0,1.0,0,0,B
y_s72_i43_j19_k0,0.0,1.0,0,0,B
y_s72_i43_j19_k1,0.0,1.0,0,0,B
y_s72_i43_j19_k2,0.0,1.0,0,0,B
y_s72_i44_j50_k0,0.0,1.0,0,0,B
y_s72_i44_j50_k1,0.0,1.0,0,0,B
y_s72_i44_j50_k2,0.0,1.0,0,0,B
y_s72_i45_j18_k0,0.0,1.0,0,0,B
y_s72_i45_j18_k1,0.0,1.0,0,0,B
y_s72_i45_j18_k2,0.0,1.0,0,0,B
y_s72_i46_j42_k0,0.0,1.0,0,0,B
y_s72_i46_j42_k1,0.0,1.0,0,0,B
y_s72_i46_j42_k2,0.0,1.0,0,0,B
y_s72_i47_j41_k0,0.0,1.0,0,0,B
y_s72_i47_j41_k1,0.0,1.0,0,0,B
y_s72_i47_j41_k2,0.0,1.0,0,0,B
y_s72_i48_j51_k0,0.0,1.0,0,0,B
y_s72_i48_j51_k1,0.0,1.0,0,0,B
y_s72_i48_j51_k2,0.0,1.0,0,0,B
y_s72_i49_j26_k0,0.0,1.0,0,0,B
y_s72_i49_j26_k1,0.0,1.0,0,0,B
y_s72_i49_j26_k2,0.0,1.0,0,0,B
y_s72_i50_j48_k0,0.0,1.0,0,0,B
y_s72_i50_j48_k1,0.0,1.0,0,0,B
y_s72_i50_j48_k2,0.0,1.0,0,0,B
y_s72_i51_j36_k0,0.0,1.0,0,0,B
y_s72_i51_j36_k1,0.0,1.0,0,0,B
y_s72_i51_j36_k2,0.0,1.0,0,0,B
y_s72_i52_j47_k0,0.0,1.0,0,0,B
y_s72_i52_j47_k1,0.0,1.0,0,0,B
y_s72_i52_j47_k2,0.0,1.0,0,0,B
y_s72_i53_j43_k0,0.0,1.0,0,0,B
y_s72_i53_j43_k1,0.0,1.0,0,0,B
y_s72_i53_j43_k2,0.0,1.0,0,0,B
