instance_name,family,num_scenarios,n_x,n_y,n_recourse_rows,xi_dim,nnz_T,nnz_W,nnz_H,selected_scenario,initial_cost_gap,violation_margin,raw_model_num_vars,raw_model_num_linear_constraints,raw_model_num_sos,raw_model_num_binary_vars,status,has_incumbent,runtime_sec,objective_gamma,best_bound,mip_gap,node_count,simplex_iterations,barrier_iterations,true_gap_at_returned_xi,true_margin_constraint_residual,EV_max_row_sos_pair_min_abs,EV_max_variable_sos_pair_min_abs,EV_KKT_minus_independent_LP,star_max_row_sos_pair_min_abs,star_max_variable_sos_pair_min_abs,star_KKT_minus_independent_LP,time_limit_sec,target_mip_gap,threads,seed,PreSOS1BigM
lands_instance_small_1_1_1,small,10,4,12,7,7,4,24,3,scenario_1,2.993823615196675,0.0,90,53,38,0,OPTIMAL,True,0.012317895889282227,0.16247816348245436,0.16247816348245436,0.0,115.0,222.0,0,1.4210854715202004e-14,1.4210854715202004e-14,0.0,0.0,0.0,0.0,0.0,7.105427357601002e-15,300.0,0.0001,1,1,0
lands_instance_small_1_1_2,small,10,4,12,7,7,4,24,3,scenario_2,20.74534721134478,0.0,90,53,38,0,OPTIMAL,True,0.005506992340087891,0.621909459360721,0.621909459360721,0.0,25.0,83.0,0,1.1368683772161603e-13,1.1368683772161603e-13,0.0,0.0,-5.684341886080802e-14,0.0,0.0,0.0,300.0,0.0001,1,1,0
lands_instance_small_1_1_3,small,10,4,12,7,7,4,24,3,scenario_1,19.447817206205514,0.0,90,53,38,0,OPTIMAL,True,0.008154869079589844,1.2395877206175285,1.2395877206175285,0.0,77.0,192.0,0,-1.4210854715202004e-14,-1.4210854715202004e-14,0.0,0.0,0.0,0.0,0.0,0.0,300.0,0.0001,1,1,0
lands_instance_small_1_1_4,small,10,4,12,7,7,4,24,3,scenario_2,74.93392262818048,0.0,90,53,38,0,OPTIMAL,True,0.029695987701416016,1.6457633735923527,1.6457633735923527,0.0,332.0,528.0,0,-1.7053025658242404e-13,-1.7053025658242404e-13,0.0,0.0,5.684341886080802e-14,0.0,0.0,-5.684341886080802e-14,300.0,0.0001,1,1,0
lands_instance_small_1_1_5,small,10,4,12,7,7,4,24,3,scenario_1,56.05535667688309,0.0,90,53,38,0,OPTIMAL,True,0.013391971588134766,0.9900501725884272,0.9900501725884272,0.0,126.0,265.0,0,8.526512829121202e-14,8.526512829121202e-14,0.0,0.0,-8.526512829121202e-14,0.0,0.0,0.0,300.0,0.0001,1,1,0
lands_instance_small_2_1_1,small,10,6,30,11,11,6,60,5,scenario_1,2.118559695460931,0.0,186,105,82,0,OPTIMAL,True,0.04231595993041992,0.11781041319911623,0.11781041319911623,0.0,909.0,2525.0,0,2.842170943040401e-14,2.842170943040401e-14,0.0,0.0,0.0,0.0,0.0,-2.842170943040401e-14,300.0,0.0001,1,1,0
lands_instance_small_2_1_2,small,10,6,30,11,11,6,60,5,scenario_1,17.45853235324239,0.0,186,105,82,0,OPTIMAL,True,0.03515005111694336,0.6541724838608869,0.6541724838608869,0.0,643.0,1381.0,0,0.0,0.0,0.0,0.0,0.0,0.0,0.0,0.0,300.0,0.0001,1,1,0
lands_instance_small_2_1_3,small,10,6,30,11,11,6,60,5,scenario_2,118.08506727113974,0.0,186,105,82,0,OPTIMAL,True,0.08750104904174805,4.08259076985658,4.08259076985658,0.0,2260.0,5570.0,0,-6.394884621840902e-14,-6.394884621840902e-14,0.0,0.0,9.947598300641403e-14,0.0,0.0,4.973799150320701e-14,300.0,0.0001,1,1,0
lands_instance_small_2_1_4,small,10,6,30,11,11,6,60,5,scenario_1,24.271476955380706,0.0,186,105,82,0,OPTIMAL,True,0.06259489059448242,0.674108945402665,0.674108945402665,0.0,1761.0,4053.0,0,2.842170943040401e-14,2.842170943040401e-14,0.0,0.0,0.0,0.0,0.0,-2.842170943040401e-14,300.0,0.0001,1,1,0
lands_instance_small_2_1_5,small,10,6,30,11,11,6,60,5,scenario_2,87.28925915503555,0.0,186,105,82,0,OPTIMAL,True,0.08867788314819336,2.8335287951046073,2.8335287951046073,0.0,2274.0,6135.0,0,5.684341886080802e-14,5.684341886080802e-14,0.0,0.0,0.0,0.0,0.0,0.0,300.0,0.0001,1,1,0
lands_instance_small_3_1_1,small,10,8,48,14,14,8,96,6,scenario_1,42.767470525380986,0.0,276,153,124,0,OPTIMAL,True,0.5271589756011963,3.40861979099785,3.40861979099785,0.0,19780.0,46969.0,0,0.0,0.0,0.0,0.0,-1.4210854715202004e-14,0.0,0.0,-2.842170943040401e-14,300.0,0.0001,1,1,0
lands_instance_small_3_1_2,small,10,8,48,14,14,8,96,6,scenario_2,39.32746976496321,0.0,276,153,124,0,OPTIMAL,True,0.3437979221343994,0.6814441471791417,0.6814441471791417,0.0,8259.0,24725.0,0,0.0,0.0,0.0,0.0,8.526512829121202e-14,0.0,0.0,2.842170943040401e-14,300.0,0.0001,1,1,0
lands_instance_small_3_1_3,small,10,8,48,14,14,8,96,6,scenario_1,79.04112894915659,0.0,276,153,124,0,OPTIMAL,True,1.2495288848876953,1.370724447294196,1.370724447294196,0.0,44217.0,101651.0,0,0.0,0.0,0.0,0.0,-2.842170943040401e-14,0.0,0.0,0.0,300.0,0.0001,1,1,0
lands_instance_small_3_1_4,small,10,8,48,14,14,8,96,6,scenario_2,7.891035030329306,0.0,276,153,124,0,OPTIMAL,True,0.6366338729858398,0.3606085355277257,0.3606085355277257,0.0,22282.0,47938.0,0,2.842170943040401e-14,2.842170943040401e-14,0.0,0.0,-1.4210854715202004e-14,0.0,0.0,0.0,300.0,0.0001,1,1,0
lands_instance_small_3_1_5,small,10,8,48,14,14,8,96,6,scenario_1,0.8227996868821492,0.0,276,153,124,0,OPTIMAL,True,0.15573906898498535,0.035957339706579355,0.035957339706579355,0.0,4633.0,12260.0,0,-5.684341886080802e-14,-5.684341886080802e-14,0.0,0.0,0.0,0.0,0.0,5.684341886080802e-14,300.0,0.0001,1,1,0
lands_instance_med_1_1_1,med,10,15,150,25,25,15,300,10,scenario_1,6.391444817123443,0.0,750,401,350,0,OPTIMAL,True,228.4595639705658,0.22200625350361403,0.22200625350361403,0.0,5192293.0,16273675.0,0,0.0,0.0,0.0,0.0,-2.842170943040401e-14,0.0,0.0,0.0,300.0,0.0001,1,1,0
lands_instance_med_1_1_2,med,10,15,150,25,25,15,300,10,scenario_1,18.375585118279673,0.0,750,401,350,0,TIME_LIMIT,False,300.00014305114746,,0.0,,3714833.0,10659699.0,0,,,,,,,,,300.0,0.0001,1,1,0
lands_instance_med_1_1_3,med,10,15,150,25,25,15,300,10,scenario_1,33.14559823042782,0.0,750,401,350,0,TIME_LIMIT,True,300.000195980072,1.4689783510017727,0.23307390000000017,0.8413360551971001,6483421.0,22810570.0,0,0.0,0.0,0.0,0.0,0.0,0.0,0.0,0.0,300.0,0.0001,1,1,0
lands_instance_med_1_1_4,med,10,15,150,25,25,15,300,10,scenario_1,20.71427661943227,0.0,750,401,350,0,OPTIMAL,True,61.03473496437073,0.9106758816989026,0.9106210000000006,6.026479893111305e-05,1550034.0,4212717.0,0,5.400124791776761e-13,5.400124791776761e-13,0.0,0.0,-5.400124791776761e-13,0.0,0.0,-2.842170943040401e-14,300.0,0.0001,1,1,0
lands_instance_med_1_1_5,med,10,15,150,25,25,15,300,10,scenario_1,2.6609828670726756,0.0,750,401,350,0,OPTIMAL,True,60.47153306007385,0.11412332823326499,0.11412332823326499,0.0,1408630.0,4855537.0,0,5.684341886080801e-13,5.684341886080801e-13,0.0,0.0,2.842170943040401e-14,0.0,0.0,5.684341886080802e-14,300.0,0.0001,1,1,0
lands_instance_med_2_1_1,med,10,20,300,35,35,20,600,15,scenario_1,103.82370921648123,0.0,1410,741,670,0,TIME_LIMIT,False,300.00015902519226,,0.0,,1957188.0,8288152.0,0,,,,,,,,,300.0,0.0001,1,1,0
lands_instance_med_2_1_2,med,10,20,300,35,35,20,600,15,scenario_1,32.76364551067354,0.0,1410,741,670,0,TIME_LIMIT,False,300.0001790523529,,0.0,,1790476.0,6059506.0,0,,,,,,,,,300.0,0.0001,1,1,0
lands_instance_med_2_1_3,med,10,20,300,35,35,20,600,15,scenario_1,41.3527785458831,0.0,1410,741,670,0,TIME_LIMIT,True,300.000226020813,1.2162468886692714,0.0,1.0,4188198.0,13249584.0,0,0.0,0.0,0.0,0.0,-2.842170943040401e-14,0.0,0.0,0.0,300.0,0.0001,1,1,0
lands_instance_med_2_1_4,med,10,20,300,35,35,20,600,15,scenario_1,110.57660359048577,0.0,1410,741,670,0,TIME_LIMIT,True,300.00029397010803,2.0084899067609463,0.0,1.0,2772714.0,17994908.0,0,2.2737367544323206e-13,2.2737367544323206e-13,0.0,0.0,-1.1368683772161603e-13,0.0,0.0,2.2737367544323206e-13,300.0,0.0001,1,1,0
lands_instance_med_2_1_5,med,10,20,300,35,35,20,600,15,scenario_1,84.54473807484123,0.0,1410,741,670,0,TIME_LIMIT,True,300.00026202201843,4.796662512323182,0.0,1.0,4644285.0,14051113.0,0,2.3305801732931286e-12,2.3305801732931286e-12,0.0,0.0,3.126388037344441e-13,0.0,0.0,-2.1032064978498966e-12,300.0,0.0001,1,1,0
lands_instance_med_3_1_1,med,10,30,600,50,50,30,1200,20,scenario_1,130.5126935233509,0.0,2700,1401,1300,0,TIME_LIMIT,False,300.00017619132996,,0.0,,888360.0,4463115.0,0,,,,,,,,,300.0,0.0001,1,1,0
lands_instance_med_3_1_2,med,10,30,600,50,50,30,1200,20,scenario_1,51.179777867177904,0.0,2700,1401,1300,0,TIME_LIMIT,False,300.0002510547638,,0.0,,906264.0,3706863.0,0,,,,,,,,,300.0,0.0001,1,1,0
lands_instance_med_3_1_3,med,10,30,600,50,50,30,1200,20,scenario_1,52.76935915695094,0.0,2700,1401,1300,0,TIME_LIMIT,False,300.00022196769714,,0.0,,1053062.0,3539797.0,0,,,,,,,,,300.0,0.0001,1,1,0
lands_instance_med_3_1_4,med,10,30,600,50,50,30,1200,20,scenario_1,174.7545348892263,0.0,2700,1401,1300,0,TIME_LIMIT,False,300.0001709461212,,0.0,,1081467.0,6952567.0,0,,,,,,,,,300.0,0.0001,1,1,0
lands_instance_med_3_1_5,med,10,30,600,50,50,30,1200,20,scenario_1,57.76585151925201,0.0,2700,1401,1300,0,TIME_LIMIT,True,300.0003399848938,2.656446668200469,0.0,1.0,1631705.0,6976974.0,0,5.229594535194337e-12,5.229594535194337e-12,0.0,0.0,-2.6147972675971687e-12,0.0,0.0,4.547473508864641e-13,300.0,0.0001,1,1,0
