instance_name,family,norm,formulation,num_scenarios,n_x,n_y,n_recourse_rows,xi_dim,nnz_T,nnz_W,nnz_H,selected_scenario,initial_cost_gap,violation_margin,raw_model_num_vars,raw_model_num_linear_constraints,raw_model_num_quadratic_constraints,raw_model_num_sos,raw_model_num_binary_vars,raw_model_num_quadratic_objective_nonzeros,status,has_incumbent,runtime_sec,radius_incumbent,best_bound_radius,objective_raw,best_bound_raw,mip_gap,node_count,simplex_iterations,barrier_iterations,true_gap_at_returned_xi,true_margin_constraint_residual,EV_KKT_minus_independent_LP,EV_certificate_minus_independent_LP,star_KKT_minus_independent_LP,EV_max_row_sos_pair_min_abs,EV_max_variable_sos_pair_min_abs,star_max_row_sos_pair_min_abs,star_max_variable_sos_pair_min_abs,time_limit_sec,target_mip_gap,threads,seed,PreSOS1BigM
lands_instance_small_1_1_1,small,2,extended,10,4,12,7,7,4,24,3,scenario_1,2.993823615196675,0.0,83,39,0,38,0,7,OPTIMAL,True,0.030931949615478516,0.16247816348245392,0.16247816348244903,0.026399153608629433,0.026399153608629433,0.0,491.0,1920.0,0,2.842170943040401e-14,2.842170943040401e-14,0.0,,7.105427357601002e-15,0.0,0.0,0.0,0.0,300.0,0.0001,1,1,0
lands_instance_small_1_1_2,small,2,extended,10,4,12,7,7,4,24,3,scenario_2,20.74534721134478,0.0,83,39,0,38,0,7,OPTIMAL,True,0.006829977035522461,0.6219094593607211,0.6219094593607175,0.3867713756423399,0.3867713756423399,0.0,63.0,352.0,0,0.0,0.0,-1.1368683772161603e-13,,0.0,0.0,0.0,0.0,0.0,300.0,0.0001,1,1,0
lands_instance_small_1_1_3,small,2,extended,10,4,12,7,7,4,24,3,scenario_1,19.447817206205514,0.0,83,39,0,38,0,7,OPTIMAL,True,0.014004945755004883,1.2395877206175285,1.2395877206175274,1.5365777171057573,1.5365777171057573,0.0,203.0,678.0,0,-1.4210854715202004e-14,-1.4210854715202004e-14,0.0,,0.0,0.0,0.0,0.0,0.0,300.0,0.0001,1,1,0
lands_instance_small_1_1_4,small,2,extended,10,4,12,7,7,4,24,3,scenario_2,74.93392262818048,0.0,83,39,0,38,0,7,OPTIMAL,True,0.024917125701904297,1.6457633735923518,1.645763373592353,2.7085370818580827,2.7085370818580827,0.0,371.0,1126.0,0,0.0,0.0,0.0,,0.0,0.0,0.0,0.0,0.0,300.0,0.0001,1,1,0
lands_instance_small_1_1_5,small,2,extended,10,4,12,7,7,4,24,3,scenario_1,56.05535667688309,0.0,83,39,0,38,0,7,OPTIMAL,True,0.011334896087646484,0.990050172588429,0.9900501725884224,0.9801993442423651,0.9801993442423651,0.0,139.0,481.0,0,2.842170943040401e-14,2.842170943040401e-14,5.684341886080802e-14,,0.0,0.0,0.0,0.0,0.0,300.0,0.0001,1,1,0
lands_instance_small_2_1_1,small,2,extended,10,6,30,11,11,6,60,5,scenario_1,2.118559695460931,0.0,175,83,0,82,0,11,OPTIMAL,True,0.21000099182128906,0.11781041319911711,0.11781041319914418,0.013879293458153086,0.013879293458153086,0.0,4478.0,18216.0,0,0.0,0.0,0.0,,-2.842170943040401e-14,0.0,0.0,0.0,0.0,300.0,0.0001,1,1,0
lands_instance_small_2_1_2,small,2,extended,10,6,30,11,11,6,60,5,scenario_1,17.45853235324239,0.0,175,83,0,82,0,11,OPTIMAL,True,0.47587108612060547,0.6541724838608856,0.6541724838608726,0.42794163864070356,0.42794163864070356,0.0,11969.0,43349.0,0,2.842170943040401e-14,2.842170943040401e-14,0.0,,2.842170943040401e-14,0.0,0.0,0.0,0.0,300.0,0.0001,1,1,0
lands_instance_small_2_1_3,small,2,extended,10,6,30,11,11,6,60,5,scenario_2,118.08506727113974,0.0,175,83,0,82,0,11,OPTIMAL,True,0.6272480487823486,3.550095778608389,3.5500957786083887,12.6031800372931,12.6031800372931,0.0,17390.0,70854.0,0,0.0,0.0,1.4210854715202004e-14,,0.0,0.0,0.0,0.0,0.0,300.0,0.0001,1,1,0
lands_instance_small_2_1_4,small,2,extended,10,6,30,11,11,6,60,5,scenario_1,24.271476955380706,0.0,175,83,0,82,0,11,OPTIMAL,True,0.7905828952789307,0.41076666738294126,0.41076666738293927,0.16872925503288627,0.16872925503288627,0.0,21005.0,77877.0,0,5.684341886080802e-14,5.684341886080802e-14,0.0,,2.842170943040401e-14,0.0,0.0,0.0,0.0,300.0,0.0001,1,1,0
lands_instance_small_2_1_5,small,2,extended,10,6,30,11,11,6,60,5,scenario_2,87.28925915503555,0.0,175,83,0,82,0,11,OPTIMAL,True,0.3087179660797119,1.4870967880173118,1.4870967880172976,2.2114568569313633,2.2114568569313633,0.0,6257.0,25072.0,0,1.1368683772161603e-13,1.1368683772161603e-13,0.0,,0.0,0.0,0.0,0.0,0.0,300.0,0.0001,1,1,0
lands_instance_small_3_1_1,small,2,extended,10,8,48,14,14,8,96,6,scenario_1,42.767470525380986,0.0,262,125,0,124,0,14,OPTIMAL,True,28.152169942855835,2.480580263455809,2.4804578250463214,6.153278443446467,6.152671021833527,9.871511886277741e-05,763135.0,2774428.0,0,5.684341886080802e-14,5.684341886080802e-14,-2.842170943040401e-14,,0.0,0.0,0.0,0.0,0.0,300.0,0.0001,1,1,0
lands_instance_small_3_1_2,small,2,extended,10,8,48,14,14,8,96,6,scenario_2,39.32746976496321,0.0,262,125,0,124,0,14,OPTIMAL,True,6.322589874267578,0.452347642816818,0.45234764281685486,0.2046183899619649,0.2046183899619649,0.0,141025.0,493720.0,0,-5.684341886080802e-14,-5.684341886080802e-14,5.684341886080802e-14,,0.0,0.0,0.0,0.0,0.0,300.0,0.0001,1,1,0
lands_instance_small_3_1_3,small,2,extended,10,8,48,14,14,8,96,6,scenario_1,79.04112894915659,0.0,262,125,0,124,0,14,OPTIMAL,True,4.033066987991333,0.8608071442318367,0.8608071442318591,0.7409889395606086,0.7409889395606086,0.0,78185.0,325205.0,0,5.684341886080802e-14,5.684341886080802e-14,-1.1368683772161603e-13,,-2.842170943040401e-14,0.0,0.0,0.0,0.0,300.0,0.0001,1,1,0
lands_instance_small_3_1_4,small,2,extended,10,8,48,14,14,8,96,6,scenario_2,7.891035030329306,0.0,262,125,0,124,0,14,OPTIMAL,True,1.077246904373169,0.36060853552775063,0.3606085355277733,0.13003851589548532,0.13003851589548532,0.0,25562.0,101223.0,0,-5.258016244624741e-13,-5.258016244624741e-13,-1.4210854715202004e-14,,1.2789769243681803e-13,0.0,0.0,0.0,0.0,300.0,0.0001,1,1,0
lands_instance_small_3_1_5,small,2,extended,10,8,48,14,14,8,96,6,scenario_1,0.8227996868821492,0.0,262,125,0,124,0,14,OPTIMAL,True,2.5601282119750977,0.03354788349312464,0.0335478834930183,0.0011254604868611295,0.0011254604868611295,0.0,58890.0,251816.0,0,-5.684341886080802e-14,-5.684341886080802e-14,0.0,,0.0,0.0,0.0,0.0,0.0,300.0,0.0001,1,1,0
lands_instance_med_1_1_1,med,2,extended,10,15,150,25,25,15,300,10,scenario_1,6.391444817123443,0.0,725,351,0,350,0,25,TIME_LIMIT,True,300.0002498626709,0.13092783672339411,1.1920928955078125e-07,0.017142098429047792,1.4210854715202004e-14,0.999999999999171,3038158.0,17576898.0,0,-5.684341886080802e-14,-5.684341886080802e-14,0.0,,-2.842170943040401e-14,0.0,0.0,0.0,0.0,300.0,0.0001,1,1,0
lands_instance_med_1_1_2,med,2,extended,10,15,150,25,25,15,300,10,scenario_1,18.375585118279673,0.0,725,351,0,350,0,25,OPTIMAL,True,253.58204293251038,0.5133899590759661,0.5133695119348602,0.2635692500799962,0.2635482557842366,7.965381300460279e-05,3335047.0,13544532.0,0,1.1453948900452815e-11,1.1453948900452815e-11,3.979039320256561e-13,,8.01492205937393e-12,0.0,0.0,0.0,0.0,300.0,0.0001,1,1,0
lands_instance_med_1_1_3,med,2,extended,10,15,150,25,25,15,300,10,scenario_1,33.14559823042782,0.0,725,351,0,350,0,25,TIME_LIMIT,True,300.0011639595032,0.7315819967142427,0.0,0.5352122179163956,-7.105427357601002e-15,1.0000000000000133,3622836.0,16185834.0,0,-5.684341886080802e-14,-5.684341886080802e-14,0.0,,5.684341886080802e-14,0.0,0.0,0.0,0.0,300.0,0.0001,1,1,0
lands_instance_med_1_1_4,med,2,extended,10,15,150,25,25,15,300,10,scenario_1,20.71427661943227,0.0,725,351,0,350,0,25,TIME_LIMIT,True,300.000342130661,0.49233165692415837,0.0,0.24239046040966628,0.0,1.0,3851660.0,16124202.0,0,-8.526512829121202e-14,-8.526512829121202e-14,2.842170943040401e-14,,-5.684341886080802e-14,0.0,0.0,0.0,0.0,300.0,0.0001,1,1,0
lands_instance_med_1_1_5,med,2,extended,10,15,150,25,25,15,300,10,scenario_1,2.6609828670726756,0.0,725,351,0,350,0,25,TIME_LIMIT,True,300.00021600723267,0.06707783799888242,0.0,0.0044994363506134505,0.0,1.0,4038949.0,19751834.0,0,0.0,0.0,-2.842170943040401e-14,,0.0,0.0,0.0,0.0,0.0,300.0,0.0001,1,1,0
lands_instance_med_2_1_1,med,2,extended,10,20,300,35,35,20,600,15,scenario_1,103.82370921648123,0.0,1375,671,0,670,0,35,TIME_LIMIT,False,300.0002558231354,,0.0,,0.0,,1635534.0,8563415.0,0,,,,,,,,,,300.0,0.0001,1,1,0
lands_instance_med_2_1_2,med,2,extended,10,20,300,35,35,20,600,15,scenario_1,32.76364551067354,0.0,1375,671,0,670,0,35,TIME_LIMIT,False,300.0001850128174,,9.260924827051202e-08,,8.576472865229334e-15,,1917219.0,8052544.0,0,,,,,,,,,,300.0,0.0001,1,1,0
lands_instance_med_2_1_3,med,2,extended,10,20,300,35,35,20,600,15,scenario_1,41.3527785458831,0.0,1375,671,0,670,0,35,TIME_LIMIT,True,300.0003788471222,0.6703095759933291,1.1445799094242763e-07,0.4493149276683681,1.3100631690576847e-14,0.9999999999999708,2039128.0,7621393.0,0,-2.8421709430404007e-13,-2.8421709430404007e-13,2.2737367544323206e-13,,-1.1368683772161603e-13,0.0,0.0,0.0,0.0,300.0,0.0001,1,1,0
lands_instance_med_2_1_4,med,2,extended,10,20,300,35,35,20,600,15,scenario_1,110.57660359048577,0.0,1375,671,0,670,0,35,TIME_LIMIT,False,300.00019693374634,,0.0,,0.0,,1479897.0,7931080.0,0,,,,,,,,,,300.0,0.0001,1,1,0
lands_instance_med_2_1_5,med,2,extended,10,20,300,35,35,20,600,15,scenario_1,84.54473807484123,0.0,1375,671,0,670,0,35,TIME_LIMIT,True,300.00034523010254,1.8643372934649927,1.3657139822709083e-07,3.4757535438044016,1.865174681370263e-14,0.9999999999999947,1764407.0,8800615.0,0,-4.433786671143025e-12,-4.433786671143025e-12,7.389644451905042e-13,,-6.0254023992456496e-12,0.0,0.0,0.0,0.0,300.0,0.0001,1,1,0
lands_instance_med_3_1_1,med,2,extended,10,30,600,50,50,30,1200,20,scenario_1,130.5126935233509,0.0,2650,1301,0,1300,0,50,TIME_LIMIT,False,300.0017251968384,,1.1542389828584841e-07,,1.3322676295501878e-14,,911252.0,4924453.0,0,,,,,,,,,,300.0,0.0001,1,1,0
lands_instance_med_3_1_2,med,2,extended,10,30,600,50,50,30,1200,20,scenario_1,51.179777867177904,0.0,2650,1301,0,1300,0,50,TIME_LIMIT,False,300.0002369880676,,1.1151007970493857e-07,,1.2434497875801753e-14,,1264834.0,6453460.0,0,,,,,,,,,,300.0,0.0001,1,1,0
lands_instance_med_3_1_3,med,2,extended,10,30,600,50,50,30,1200,20,scenario_1,52.76935915695094,0.0,2650,1301,0,1300,0,50,TIME_LIMIT,False,300.0011761188507,,0.0,,0.0,,1334278.0,6679008.0,0,,,,,,,,,,300.0,0.0001,1,1,0
lands_instance_med_3_1_4,med,2,extended,10,30,600,50,50,30,1200,20,scenario_1,174.7545348892263,0.0,2650,1301,0,1300,0,50,TIME_LIMIT,False,300.00022411346436,,0.0,,0.0,,882700.0,6844921.0,0,,,,,,,,,,300.0,0.0001,1,1,0
lands_instance_med_3_1_5,med,2,extended,10,30,600,50,50,30,1200,20,scenario_1,57.76585151925201,0.0,2650,1301,0,1300,0,50,TIME_LIMIT,False,300.0002689361572,,7.300048299977713e-08,,5.329070518200751e-15,,929573.0,5224726.0,0,,,,,,,,,,300.0,0.0001,1,1,0
